feature,mean_abs_shap_brugada,mean_abs_shap_normal,mean_shap_brugada,mean_shap_normal,class_differential
morph_V1_t_amplitude_std,0.20455530724524956,0.15987263388347656,0.155020790480837,-0.04349579918954379,0.044682673361773007
st_V2_st_curvature_sign_mean,0.1969427825691865,0.11115542671852098,0.15910729892211845,-0.018653555992826032,0.0857873558506655
st_V3_st_area_above_baseline_n_valid,0.16617745664257147,0.0702444451659527,0.10793706074468847,-0.02349977863833668,0.09593301147661877
morph_V1_t_amplitude_n_valid,0.1574654298618215,0.07835212522429714,0.12132840286591089,-0.022836797992773453,0.07911330463752435
morph_V2_trough_depth_between_humps_min,0.15402779626439475,0.16847200849119476,0.06194618095558034,-0.012472191648265747,-0.014444212226800007
morph_V3_t_amplitude_n_valid,0.14798699597783668,0.06179712932157726,0.0910807770677983,-0.025169235239404068,0.08618986665625943
st_V2_st_convexity_max,0.1332829972412314,0.14354164357448812,0.06078582502380748,-0.007859045920109881,-0.01025864633325671
st_V1_st_curvature_sign_n_valid,0.12502197188637706,0.08414851429013918,0.07714786304069048,-0.01487133764394133,0.04087345759623788
st_V1_st_slope_j20_j80_min,0.1247365920891446,0.14692816183117022,0.03773409257679686,-0.026515341245436225,-0.022191569742025616
st_V3_st_area_above_baseline_std,0.12134382511244003,0.06245773086835427,0.08304259337013047,-0.020623115512269825,0.05888609424408576
morph_V3_t_amplitude_min,0.11141838324504386,0.09551339020699483,0.08157821999001928,-0.030766246937124424,0.01590499303804903
st_V1_st_curvature_sign_min,0.11041995195230758,0.07538883376774888,0.07160794600580918,-0.015492919516248307,0.0350311181845587
morph_V2_t_peak_value_max,0.10338085927651262,0.04843184954710696,0.06841320714588572,-0.02578085814284659,0.05494900972940566
morph_V2_saddleback_score_max,0.09767257393146313,0.11663515500208547,0.043490923510720356,-0.01091547769277548,-0.018962581070622347
st_V3_st_curvature_sign_mean,0.08644821842945499,0.08515195001598991,0.032711055826818505,0.011691248283375887,0.0012962684134650848
sq_V4_snr_proxy,0.08592920750976957,0.08208329368268294,0.03615042975144825,-0.008379619643132715,0.0038459138270866278
st_V1_st_j40_median,0.08242333988986883,0.07565734361250515,0.04913854701557857,-0.005760958038801037,0.006765996277363684
st_V2_st_convexity_min,0.08156641276412346,0.06228716381830373,0.06367717904216415,-0.000790262235805564,0.019279248945819734
morph_V3_t_amplitude_mean,0.07960538389510474,0.04998508330948896,0.03992257938750921,-0.022732885213851108,0.02962030058561578
morph_V2_t_inversion_indicator_n_valid,0.07822931806774391,0.0780695442694729,-0.005277697523124525,-0.021344410617079704,0.0001597737982710068
st_V1_st_j80_j0_ratio_max,0.07631007821544218,0.04720586547530694,0.056866427331574654,-0.01030997225605859,0.029104212740135242
st_V3_st_slope_j20_j80_min,0.07231825943080405,0.08242337606352426,0.02977011506310904,-0.010380239693094252,-0.010105116632720207
st_V1_s_amplitude_mean,0.07049121950667252,0.06807148044558972,0.05202394357036896,-0.009854231987680713,0.0024197390610827957
st_V3_st_j40_j0_ratio_mean,0.06806229870411029,0.06881573692089077,0.010435780746935793,-0.006047570543405902,-0.0007534382167804776
st_V2_st_convexity_mean,0.06771965799859335,0.056842237037942375,0.0410431702565524,-0.008745323346614623,0.010877420960650974
sq_V5_snr_proxy,0.06740530727523074,0.07054475254818919,0.03347070490665685,-0.0042703811766722395,-0.003139445272958452
morph_V3_high_takeoff_gt_2mm_std,0.06550914313215271,0.05330633182662698,0.037493849470353564,-0.015576826652855934,0.01220281130552573
st_V3_st_area_above_baseline_max,0.06519725419237817,0.062283067386857044,0.048157086984597516,-0.00808321463437393,0.002914186805521121
morph_V3_second_hump_present_min,0.06421069785166765,0.07007778005816055,0.022593966127468244,-0.00372780484129928,-0.005867082206492902
st_V2_high_takeoff_gt_1mm_mean,0.06250524773188916,0.04479716088577368,0.04557866521204182,-0.017490424886540522,0.01770808684611548
sq_V4_noise_energy,0.06141230325043005,0.07048368429502257,0.02225843703741893,-0.003779952439807274,-0.009071381044592514
st_V1_st_slope_j0_j40_min,0.06005676661958106,0.06274735700833925,0.04282173192058075,-0.0036176316825290164,-0.002690590388758192
morph_V1_trough_depth_between_humps_n_valid,0.05995178814340181,0.0689564327562458,0.031991271864573796,-0.008920579429039299,-0.00900464461284399
morph_V1_second_hump_present_n_valid,0.058824829107424634,0.04905830095838708,0.01020410486405845,-0.001127430208813047,0.009766528149037557
morph_V2_trough_depth_between_humps_n_valid,0.05850146197281949,0.06026906433903846,0.010721121372771446,-0.0056221444480922525,-0.0017676023662189719
st_V1_st_j20_median,0.05836676651452618,0.05613165556339591,0.03295935396730017,-0.004632041818601847,0.0022351109511302703
st_V2_st_j20_max,0.05824103163598151,0.0704152504475107,0.046148130777230637,-0.002019852375845321,-0.012174218811529185
sq_II_noise_energy,0.05805205518879162,0.0664467277941018,0.026546598638156636,-0.0009985624712272158,-0.008394672605310176
morph_V1_t_amplitude_median,0.05522216438190196,0.040226847635081484,0.0365289320976559,-0.008369133996469711,0.014995316746820475
morph_V1_second_hump_present_std,0.05346429178132796,0.04684895214494898,0.020150551895065677,0.00019289262808586805,0.006615339636378975
st_V1_st_slope_j0_j40_std,0.05271369915859967,0.057900935226389345,0.02792491899423397,-0.00631503214832487,-0.0051872360677896745
morph_V2_t_peak_value_median,0.051798863994496826,0.042421949919287195,0.0006584957678263069,0.00793227608688824,0.00937691407520963
st_V2_st_j60_mean,0.05148930508778182,0.048390972270412815,0.025922820350326774,-0.007304045940012733,0.003098332817369008
morph_V3_t_amplitude_std,0.051057533490177415,0.03922137163683303,0.030824830899946382,-0.00599864547663345,0.011836161853344386
morph_V3_t_mean_max,0.05105745026075865,0.04312949599239015,0.017291070936725633,-0.0010825352857654963,0.007927954268368495
morph_V1_high_takeoff_gt_2mm_max,0.05041630027797316,0.05413174184513006,0.03708739008356227,-0.00958263163724167,-0.0037154415671568977
sq_aVF_rms,0.050403135529394544,0.04119362465436125,0.001908279779446782,0.004184023405073153,0.009209510875033293
morph_V2_t_peak_value_n_valid,0.04994801657099739,0.029933765049973488,0.025714734248161356,-0.003962226628272318,0.020014251521023905
morph_V1_t_amplitude_max,0.04926830060559471,0.04791717235784236,0.041387813901283634,0.0023185119737679657,0.0013511282477523465
st_V2_st_convexity_median,0.04905402305732036,0.030688545055580316,0.035092329704447776,-0.008765916782463743,0.018365478001740043
st_V1_st_j80_median,0.04767556363814753,0.056236092445387034,0.020389336300462378,-0.003340154322576537,-0.008560528807239502
st_V1_st_j20_mean,0.04718680562120613,0.04600111071909503,0.01313273591663393,-0.005721562537153735,0.0011856949021110952
morph_V3_high_takeoff_gt_2mm_min,0.04674818372378414,0.04294507555423452,0.021012991321469204,-0.006710469482291353,0.003803108169549624
st_V3_st_j20_min,0.046669094728514236,0.03894514593251942,0.026798014400318558,0.0024027803164942594,0.007723948795994813
sq_II_max,0.04656781294358594,0.04495070515353013,0.018021409716457135,0.0023384526071791043,0.001617107790055812
sq_III_snr_proxy,0.046138832633824664,0.039196527480157416,0.014294233515270456,0.0006643300901981729,0.006942305153667248
st_V1_st_curvature_sign_std,0.04561030951916778,0.03507785396111758,0.02459913959383571,-0.005549761198123567,0.0105324555580502
morph_V1_covedness_score_min,0.044053830504662474,0.036019837096404855,0.012808344694785765,0.000901058903548105,0.008033993408257618
morph_V2_high_takeoff_gt_1mm_mean,0.042684521465807305,0.04772199314749618,0.02506346656156604,-0.006817046164401954,-0.005037471681688874
st_V3_st_j40_n_valid,0.042348991602071,0.021137170815704046,0.02430206594841653,-0.002408231011290065,0.021211820786366953
sq_V1_min,0.04175504553082741,0.02497243191355681,0.01668004581116533,-0.004270312790093657,0.016782613617270598
st_V1_st_area_above_baseline_n_valid,0.04072254919407175,0.04585528511377963,0.023204967679645777,0.004611180129530729,-0.005132735919707879
st_V3_st_j40_std,0.04062957397269965,0.03055074457208971,0.020991480455880878,-0.004762860897032848,0.010078829400609942
morph_V1_high_takeoff_gt_2mm_median,0.0405854601339486,0.03340566847694043,0.020551421527113554,-0.00230220963198445,0.007179791657008168
morph_V2_t_amplitude_std,0.04039824388161494,0.04427158277741391,0.017133727166066405,-0.01046994536556954,-0.0038733388957989667
sq_aVF_mean,0.039943053571225455,0.031522709625158164,-0.0026374956859447386,0.0037069718015399506,0.00842034394606729
morph_V3_saddleback_score_max,0.03990173584567134,0.05122176892062466,0.008695891999676308,-0.004180324012770591,-0.011320033074953322
st_V2_j_point_amplitude_max,0.03971684421008253,0.0446163297671652,0.005441469058737536,0.0008015713421708899,-0.004899485557082674
st_V1_st_j40_mean,0.0392521792713332,0.03995253462694864,0.027850841904782042,-0.005095996896019163,-0.0007003553556154396
st_V1_st_j80_j0_ratio_std,0.03873582401925595,0.031215456320031153,0.023765964049992983,0.00062588281793202,0.0075203676992248
sq_V5_noise_energy,0.038331873334123134,0.019996286431969962,0.0194933436573851,-0.0068491432673333215,0.018335586902153173
st_V3_st_j20_n_valid,0.03792359862200859,0.033384700387421064,0.010438651635961018,-0.001736913640522594,0.0045388982345875295
morph_V2_t_peak_value_std,0.03769278544373502,0.030400000655510868,0.01836266840114199,-0.00976027627232992,0.007292784788224153
morph_V1_second_hump_present_mean,0.03752913400953585,0.028153955802055323,-0.0012650280629015133,0.0022983119830826586,0.009375178207480527
sq_V4_mean,0.03627929069356084,0.04056597115256974,-0.0055104127987961925,0.002344697366901811,-0.004286680459008901
st_V2_st_curvature_sign_min,0.03599560694732257,0.026308914203040958,0.024245035459262935,-0.0018578824602742295,0.009686692744281609
st_V3_st_j80_std,0.03553385490597543,0.033600168626362795,0.004572511079237102,-0.005093393996439051,0.0019336862796126356
st_V3_rs_ratio_n_valid,0.035249061296038345,0.04191194598407249,0.012374484803876812,-0.002022838583589265,-0.006662884688034144
st_V2_s_amplitude_mean,0.03513234443273271,0.03037127515134798,0.013990733834614636,-0.0011486732786868466,0.004761069281384728
st_V2_st_monotonicity_mean,0.03506790321948323,0.03191310585374238,0.01372811124712155,-0.0037550429896149743,0.003154797365740848
sq_V2_max,0.03467278615534792,0.0402471193322385,0.004753991971160004,-0.0004271268340652268,-0.005574333176890579
st_V1_st_curvature_sign_mean,0.03459899778514606,0.038405800890875134,0.004173094969193781,-0.002376939608579196,-0.0038068031057290758
morph_V2_saddleback_score_std,0.03406123713651471,0.03367104823316548,0.006511505949984929,-0.0036237218220903137,0.0003901889033492284
morph_V3_high_takeoff_gt_2mm_n_valid,0.033227081448942576,0.022152100195264486,0.01950072212107973,-0.002479996316310145,0.01107498125367809
rr_std_ms,0.03289254797916661,0.03690036776303626,0.008952395675801916,0.0027240916624509622,-0.0040078197838696525
st_V2_st_convexity_std,0.032711726689441625,0.03565034373484888,0.019489129131635332,0.003670315031766989,-0.002938617045407252
st_V2_st_j40_min,0.031974813617202134,0.030916937919696963,0.014673719335911103,-0.0009966959319164862,0.0010578756975051715
morph_V2_saddleback_score_min,0.031660974991054414,0.029748901094209378,0.00011341016194292253,-0.004366463147045383,0.001912073896845036
st_V1_st_j80_mean,0.031154409340264155,0.03442504973005568,0.012404125365306096,0.00974420218276616,-0.003270640389791527
morph_V3_second_hump_present_mean,0.030980277046022027,0.01324598052740118,-0.01590704927515043,0.005895080328059049,0.017734296518620848
sq_aVF_noise_energy,0.029834780300428163,0.03813161876286252,0.007161384945441221,-0.007005312449918595,-0.008296838462434359
morph_V1_high_takeoff_gt_2mm_std,0.02948017298648326,0.03655290345955008,0.009284794831305343,-9.461280326797951e-05,-0.007072730473066825
morph_V3_trough_depth_between_humps_max,0.02822722045226804,0.03390933981798071,0.02241697719945617,-8.127548530673361e-05,-0.005682119365712668
morph_V1_t_polarity_min,0.02779378927459836,0.031887353129542106,0.02212153789930432,-0.003141466039930605,-0.004093563854943746
morph_V1_high_takeoff_gt_1mm_min,0.02762247955181486,0.025146313019077327,0.0046107735577970745,0.004559331673914611,0.002476166532737533
st_V2_j_point_confidence_median,0.027209469022866514,0.02044316536094668,0.01612560436840315,0.0010084542830698607,0.006766303661919833
morph_V3_second_hump_present_std,0.02711201873632439,0.02775488647220182,0.010356710345582335,-0.007368341076547986,-0.0006428677358774303
morph_V1_saddleback_score_mean,0.02688642705962256,0.027860773432649363,0.0108824159947567,-0.005311286061067613,-0.0009743463730268014
st_V2_st_j60_median,0.02667174324001134,0.02271751046446816,0.012170095423628626,-0.00897279401942568,0.003954232775543177
cl_max_st_j40_v1v3,0.02652929891750987,0.02327432841915175,0.005066798935065331,-0.004845286690879863,0.0032549704983581215
sq_V6_noise_energy,0.02651838802953101,0.02190761568894419,0.006777970224471865,-0.00019752633858483306,0.004610772340586818
sq_aVF_snr_proxy,0.0260547180152743,0.020943521834189485,0.01122037650061479,0.0013745067225451437,0.005111196181084816
st_V1_s_amplitude_std,0.025161944395911493,0.024962650006344983,0.009999031009838748,0.004271206498821011,0.00019929438956651016
st_V1_r_amplitude_std,0.02481701552769854,0.01813112535945525,0.005229114097984218,0.004970469148083222,0.006685890168243287
st_V1_st_j20_max,0.02479881918253865,0.030427288035586246,0.01465690120588987,-0.0036462013054807834,-0.005628468853047595
sq_V6_max,0.024760458032649573,0.03275271304827895,0.00020901449955998262,-0.0033408638892714884,-0.00799225501562938
sq_V4_rms,0.02446694587872016,0.025132833076413785,0.008841231968008756,-0.000588742656574847,-0.0006658871976936258
morph_V2_second_hump_amplitude_mean,0.024411188681413853,0.02322801927949923,0.007344856406071849,0.0023051283486959745,0.0011831694019146244
sq_aVL_std,0.02421834177637812,0.02520699659419225,-0.008946750129658848,0.0019781177770832915,-0.000988654817814131
sq_I_snr_proxy,0.024083650888335924,0.02579506423914935,-0.002506789746694272,0.008446869209071289,-0.0017114133508134254
st_V1_r_amplitude_min,0.023908318698430717,0.011258067818154091,0.015569543315122199,0.0006563132973258093,0.012650250880276626
st_V2_high_takeoff_gt_2mm_std,0.023729785789588537,0.03023593390444842,0.020020109527793355,-0.0009964626335671946,-0.006506148114859882
morph_V2_high_takeoff_gt_2mm_max,0.023426871258079202,0.03408156658032783,0.011539630187479274,-0.008045268196820287,-0.010654695322248626
st_V2_st_j20_std,0.02289897376683686,0.020013564648917927,-0.0007705395035200641,0.0010137685220883248,0.0028854091179189335
morph_V2_t_mean_min,0.022838649086556126,0.021928679529278988,-0.005792639651580865,-0.0039346721994233,0.0009099695572771377
morph_V2_high_takeoff_gt_2mm_min,0.022411721373393513,0.015754555939154802,0.011006130656889195,-0.002258409269459098,0.006657165434238711
st_V3_st_curvature_sign_max,0.021956686806056235,0.019402700091528793,0.003055734289932578,-0.0015451229233311116,0.002553986714527442
morph_V2_high_takeoff_gt_2mm_n_valid,0.021892838247463495,0.026341993100259715,0.0007420311953970403,0.0003369893003514667,-0.004449154852796219
st_V1_st_slope_j0_j40_mean,0.021730199289679685,0.028394227685562493,0.00981079237106697,-0.007048887690944588,-0.006664028395882808
st_V1_st_j40_max,0.021675864253928367,0.0313313224537214,0.015901711766706086,-0.0012874849043942316,-0.009655458199793035
morph_V1_t_polarity_std,0.02153973246546227,0.022276426161138816,0.01793792332603755,-0.0032329299307764167,-0.0007366936956765477
morph_V3_trough_depth_between_humps_n_valid,0.02145801299852072,0.029225025359015465,0.010448781676761993,0.0003232535149720375,-0.007767012360494745
st_V1_st_slope_j20_j80_std,0.021364906053548932,0.013934011567150325,-0.000550082452154089,0.002262357456564164,0.0074308944863986075
sq_II_range,0.021240411565982196,0.022056415551098683,0.010358929152257331,-0.0031320907465646358,-0.0008160039851164876
sq_I_baseline_drift,0.020681434585222636,0.023270920871494093,-0.0007505561163845188,-0.0006143332255894037,-0.0025894862862714564
st_V1_st_slope_j0_j40_max,0.02046738842742724,0.016626841444445047,0.0020712937694502675,-0.005977811482089982,0.0038405469829821924
st_V2_s_amplitude_min,0.020337852989078305,0.009552784721311871,0.008844315170947687,-0.003812032943779647,0.010785068267766434
st_V2_j_point_confidence_std,0.02025273806531912,0.019191288704276426,0.007750422470700477,0.0027698876114094734,0.0010614493610426948
sq_I_noise_energy,0.020217997691820744,0.015396489347542114,0.0012819601649013946,0.0020596481113652316,0.00482150834427863
st_V3_st_j40_max,0.0200723042776563,0.014122478533795784,-0.007428467213543826,-0.0003389086038886719,0.0059498257438605155
st_V2_st_curvature_sign_std,0.020039863601927367,0.012790549582765626,0.00266769628368293,-0.002128246269168128,0.007249314019161741
sq_aVF_std,0.020027943572433836,0.021522866128375964,0.005954174504578585,0.002504288260370652,-0.0014949225559421284
morph_V2_saddleback_score_mean,0.019737370606805915,0.018005130245944127,0.0029097991975906533,-0.0007390816352015487,0.0017322403608617878
st_V3_j_point_amplitude_mean,0.01967957093956339,0.019136385266516565,0.008989127671321553,7.934224490036958e-05,0.0005431856730468247
morph_V1_t_polarity_mean,0.019584516453140032,0.019065193302397174,-0.002758558107858631,0.000502844669560821,0.0005193231507428578
morph_V2_t_mean_n_valid,0.019106566428427396,0.013807570959022705,-0.0038027924530845583,0.0009926498859782992,0.005298995469404691
sq_I_mean,0.019082926569849605,0.02047129905170949,0.007196919653613691,-0.0005028804258414279,-0.0013883724818598842
st_V3_r_amplitude_n_valid,0.01903008749524717,0.018895068656205338,0.008100335451798793,-0.0015090373805188653,0.00013501883904183318
morph_V1_saddleback_score_median,0.018823355809619968,0.008960899076009138,0.006027081176779518,-6.969207641424834e-05,0.00986245673361083
morph_V3_t_mean_std,0.018711962310572764,0.023650567558422046,-0.003215284028556182,-0.001483936495008098,-0.0049386052478492815
morph_V1_covedness_score_n_valid,0.018371832338897012,0.015983488568224864,0.008082149128282536,-0.0033976727484592395,0.0023883437706721487
morph_V3_t_mean_mean,0.018153485172354628,0.020786216663414084,0.008413861760207874,-0.0025527502340508025,-0.0026327314910594563
st_V2_j_point_confidence_max,0.018015124255693238,0.013861904373483286,0.005926125180466386,0.002731679745686947,0.004153219882209952
sq_aVR_noise_energy,0.017741998650966893,0.025433038777447837,0.00020401613370172553,-0.002589523740281521,-0.0076910401264809435
st_V1_st_j80_j0_ratio_min,0.017660987174113896,0.006678678157353156,0.013794160416521335,0.0005970097287438125,0.010982309016760741
st_V3_st_j80_min,0.017527742533895503,0.016889590049805007,-0.001589230443105893,0.0013735648896869561,0.0006381524840904963
st_V2_rs_ratio_std,0.01748369114265138,0.01902836151167955,0.011756197386788868,-0.0023899426714286826,-0.0015446703690281706
sq_V4_baseline_drift,0.017454886989373874,0.01800856398509403,-0.0016987577051316342,-0.0012113014922740055,-0.0005536769957201551
sq_aVL_max,0.017399674529748905,0.016996594724985204,0.008962171120985773,0.003013064645324894,0.00040307980476370076
morph_V1_saddleback_score_std,0.017395652493363917,0.019267202922717365,0.00859449683247427,-0.0020323940614426603,-0.0018715504293534482
sq_aVL_noise_energy,0.017085015198068754,0.019200420249221018,0.003253543029637305,0.004611101592452817,-0.0021154050511522637
sq_V3_noise_energy,0.016903889088548306,0.01711206998870762,-0.0025233975435165865,-0.0011547625397140455,-0.00020818090015931393
st_V2_j_point_confidence_n_valid,0.016860249412098984,0.018385434908733927,-0.0036964613037478037,-0.004158084265342579,-0.0015251854966349433
sq_V3_range,0.016698328048529974,0.010463850575431081,0.0016957572943187816,0.0006675334671960069,0.006234477473098892
morph_V1_trough_depth_between_humps_min,0.016553299197142827,0.014686146308813942,0.004345949879896465,-0.0027422061099148477,0.0018671528883288848
sq_II_snr_proxy,0.01649026273293296,0.012092517808165693,0.004867132691280475,-0.001541280894230338,0.0043977449247672665
st_V2_st_slope_j0_j40_max,0.016301329720177123,0.017918484726667575,0.008026305809617006,0.0038937859669431495,-0.0016171550064904526
morph_V1_second_hump_present_min,0.016124140995640388,0.015280227602592514,0.003582306315105308,-0.0008942906176249524,0.0008439133930478737
morph_V1_high_takeoff_gt_2mm_min,0.015953767191324544,0.014024792174428997,0.00208560932770763,-0.0008237824054233634,0.001928975016895547
st_V1_j_point_confidence_n_valid,0.015750231535517054,0.016509279264039792,-0.0005352619805030241,-0.002989883457183946,-0.0007590477285227375
sq_III_min,0.01564245888179068,0.014669767493505388,-0.0007539181749483422,-0.0006071243446177496,0.0009726913882852923
st_V1_r_amplitude_n_valid,0.015634367502796894,0.016457233998976403,2.978811818665918e-05,-0.004269012800979218,-0.0008228664961795092
st_V3_st_monotonicity_max,0.015574395771530474,0.01648447223656683,0.0005724008324997253,0.0025810020418273057,-0.0009100764650363542
st_V2_st_area_above_baseline_max,0.015423792937378328,0.01819371130635459,0.0015143206318546187,0.0014014440824890871,-0.0027699183689762607
st_V2_j_point_amplitude_n_valid,0.015423372416806042,0.008712293274103538,0.004592822563197261,-0.00137092777660914,0.006711079142702504
st_V2_st_slope_j0_j40_mean,0.015296392168016391,0.014670693875786924,0.00855548850628302,0.0011300870678825781,0.0006256982922294672
morph_V3_second_hump_amplitude_n_valid,0.015287054428389582,0.00944162047348058,-0.0020525856847923873,-0.0022226936174134697,0.005845433954909001
st_V2_j_point_amplitude_std,0.01524169202060681,0.018897095516726383,0.0017134367797131532,0.0016689888725401193,-0.0036554034961195723
sq_V2_min,0.014954027323125806,0.01704589653163109,-0.00027028930287710545,-0.0031996426922155635,-0.0020918692085052856
st_V2_st_j40_n_valid,0.014772087939108072,0.02011165992927961,0.0027256470917429968,-9.273329285664976e-05,-0.005339571990171536
st_V3_st_j60_std,0.014722958936503053,0.007376814487451869,0.008869294642813894,-0.0025794773821423635,0.007346144449051185
st_V1_high_takeoff_gt_2mm_median,0.014706273342629776,0.0066232572773711525,0.009348771872096944,-0.0008793482101337272,0.008083016065258623
st_V3_st_j20_max,0.01469324585491496,0.015499125516905276,0.006949633268247313,0.0005111553758149197,-0.0008058796619903157
morph_V3_t_polarity_n_valid,0.014594390348065627,0.012732116701276051,-0.002263285279347526,0.003967764094270732,0.0018622736467895761
st_V2_st_j60_min,0.014358969048940023,0.00732428682435835,0.0037116451380088153,-0.001689763819597627,0.007034682224581673
st_V2_st_j20_min,0.01402701175404024,0.011893821061046894,0.003706087479612947,-0.0016618432601725498,0.002133190692993347
morph_V1_high_takeoff_gt_2mm_n_valid,0.013975490427723038,0.012829154415919279,0.005964025100693104,-0.0017520486852251476,0.001146336011803759
st_V1_high_takeoff_gt_1mm_max,0.013882807361844317,0.02714102993417491,0.009535267519715568,-0.006719719232530563,-0.013258222572330594
st_V3_st_j20_std,0.0138480018285152,0.017995334647414124,0.006019752296177959,-0.0020183098490126105,-0.0041473328188989245
sq_III_noise_energy,0.01378616438859974,0.018386739658626604,0.003630026637478477,-0.0003546173882894657,-0.0046005752700268646
st_V3_st_area_above_baseline_median,0.013622837907169,0.005813645870045127,0.009653604295668437,-0.004026494696444272,0.007809192037123873
morph_V1_trough_depth_between_humps_std,0.013434057199812811,0.01448185408471688,0.004488221783754663,-0.0005605115131101744,-0.0010477968849040686
sq_V1_std,0.013299500037376793,0.01337835896792669,0.00178389677189684,0.0015981332219825693,-7.885893054989691e-05
morph_V2_t_amplitude_n_valid,0.013118037575500455,0.008420007175101439,0.0028976984588600825,0.0017665033793857236,0.004698030400399017
sq_II_min,0.013047620099233938,0.013388126325576151,0.0013064455789954922,0.0012911363097900628,-0.00034050622634221317
sq_II_mean,0.013029941698585276,0.013474386915992878,0.0008947554076286515,-0.002000730402884478,-0.00044444521740760225
st_V1_st_area_above_baseline_std,0.01295776714742377,0.008903537203301396,0.009043608609537922,-0.000981053960824364,0.0040542299441223735
morph_V2_high_takeoff_gt_2mm_std,0.012919697638257925,0.00623811467586388,0.008125307596974864,-0.0007160388344723392,0.006681582962394045
sq_V1_range,0.012903744820995535,0.01080503433176966,0.0039465045982873806,4.503379728425182e-05,0.0020987104892258752
st_V3_st_monotonicity_min,0.01267198574827297,0.013044145406590515,0.0007838109375810909,-0.0012299736285458888,-0.00037215965831754495
morph_V1_high_takeoff_gt_1mm_max,0.012451496819083202,0.009209827969778787,-0.0007564522921548746,0.0003699363662961951,0.0032416688493044146
st_V2_st_j80_j0_ratio_std,0.012447273661259943,0.01345124252117807,0.011069508274208351,-0.001461942266861059,-0.0010039688599181272
morph_V3_t_peak_value_max,0.012218932694032453,0.010965728932336053,0.002539454429643199,-0.002025370146586015,0.0012532037616964
st_V1_j_point_confidence_max,0.011926531909817911,0.00851327116026798,0.00012298380759985788,0.0012673537235849842,0.0034132607495499304
st_V1_st_j60_std,0.011471141860575252,0.010672561304079096,0.002199429082929296,0.0033077651647792443,0.0007985805564961566
sq_aVF_min,0.011357372303640353,0.010303541737826017,-0.0017349210656002964,0.00046239114518987535,0.0010538305658143367
sq_V5_min,0.011207079854426203,0.00756505777997706,-0.005217198052958248,0.0002249927101299822,0.003642022074449143
st_V1_high_takeoff_gt_2mm_mean,0.011168814890062126,0.010820406943621278,0.0016022486992082355,-0.0027074875036020834,0.0003484079464408478
rr_cv,0.0109586344833951,0.011271579260759418,0.0006500962388235773,6.661441190088885e-06,-0.0003129447773643178
morph_V1_covedness_score_std,0.010655201439206523,0.00624483506802066,0.007337232476198359,-0.0029439315096011034,0.004410366371185863
st_V3_st_j80_median,0.010608513383684941,0.018673126969538382,-0.00029596616514027785,0.002217628401915053,-0.00806461358585344
st_V1_high_takeoff_gt_1mm_mean,0.010590622166759846,0.015507260273090637,0.008827771764542691,-0.0002481025060190984,-0.004916638106330791
st_V3_st_j20_mean,0.010537511674736252,0.00962082912113502,0.005695002113076793,0.0007060518442857604,0.0009166825536012328
sq_V6_min,0.010348909609509894,0.012134331605990967,-0.0022993860423172895,-0.0014772793192429597,-0.0017854219964810736
st_V3_st_slope_j20_j80_median,0.010316293828777556,0.007343496974632253,-0.0008166735668323606,0.003184850107544196,0.002972796854145303
morph_V3_t_polarity_min,0.010194640382879247,0.007088950606134387,-0.004549754789638284,-0.0009066932219427799,0.0031056897767448603
sq_V3_snr_proxy,0.010191060691385659,0.009519445536080527,0.0029901888010729323,-0.0011263813078403332,0.000671615155305132
st_V2_j_point_confidence_min,0.010159010764909895,0.008655137070892714,0.000834056955308806,0.0007382863524405612,0.0015038736940171816
st_V1_st_j20_min,0.01010090898514084,0.008943331242873182,0.005320953223731761,-0.002845539282390809,0.001157577742267657
st_V1_st_convexity_mean,0.010096089434564883,0.013227589407397052,-0.0021786231547594012,-0.0009043318414833452,-0.0031314999728321684
morph_V1_covedness_score_median,0.009928736408045008,0.011158470055445343,-0.004612441017586545,-0.0010798511743052343,-0.001229733647400335
st_V1_st_monotonicity_n_valid,0.009826235582953978,0.012005134745588567,0.0005436882871742183,-0.0018986758655294119,-0.0021788991626345896
st_V1_st_slope_j0_j40_median,0.009800288694861678,0.011267083905676196,0.0027120257953279826,-0.0027925972356899064,-0.0014667952108145185
morph_V1_t_peak_value_median,0.009798234249465156,0.006438608945701059,0.002043234383638363,-0.0003882432595959723,0.003359625303764097
st_V3_r_amplitude_max,0.009794247956505325,0.0056409758517602885,-0.005794823234655751,0.0001152330156714152,0.004153272104745037
morph_V1_t_mean_median,0.009726789910836425,0.010699390362597701,-0.00012508291015892397,0.0006985235314180173,-0.0009726004517612765
st_V1_rs_ratio_max,0.009725703362767619,0.01164356734473839,-0.00020286252722144957,0.0007225649792194659,-0.0019178639819707709
sq_V5_max,0.009631064232732888,0.013133980405649944,0.002992185396877549,-0.0013789567746585526,-0.0035029161729170557
st_V2_j_point_amplitude_min,0.0096157877220723,0.017285369962375938,0.003852352168116906,-0.0008771451402987693,-0.0076695822403036375
st_V3_rs_ratio_mean,0.009610639676623232,0.007898803923655459,0.003280995806654618,-0.0004898909261313897,0.0017118357529677733
sq_aVR_range,0.009504593930599315,0.008340330949825472,0.002664041515978932,-0.00037848351867253075,0.0011642629807738433
sq_V2_std,0.009463879598892791,0.011209276525761246,0.0036637718803984266,-0.0005629550188760493,-0.001745396926868455
morph_V2_t_peak_value_min,0.00935302290636555,0.009062120885286417,-0.0005318908973008823,-0.0001287387101505447,0.00029090202107913236
sq_II_rms,0.009268707227893165,0.0061961914244584824,0.0023183356541650046,-0.0008164139584563547,0.003072515803434683
morph_V3_t_polarity_std,0.009169592251756054,0.010872615061064296,-0.0006880233547111187,-0.0016955553033496265,-0.0017030228093082422
morph_V3_trough_depth_between_humps_median,0.008994732106741706,0.009425363519330592,0.0038013228477517965,-0.0027506434997612277,-0.0004306314125888857
st_V1_j_point_confidence_median,0.008991057283588138,0.011879918214569728,0.006068656598462868,0.0013036651604318827,-0.0028888609309815905
morph_V2_high_takeoff_gt_1mm_median,0.008926985639294503,0.012219113121620448,0.008926985639294503,-0.004125764406049291,-0.0032921274823259454
sq_aVL_range,0.008908339256396204,0.013388230786739928,-0.0029978523321302643,0.002804723078099434,-0.0044798915303437235
morph_V2_trough_depth_between_humps_max,0.008856063272902033,0.007787351286207473,-0.00030654479896552494,0.0015198590549662992,0.0010687119866945602
st_V1_st_monotonicity_min,0.008826847213249962,0.012078452779530563,0.004138634821758477,-0.0009132546986285294,-0.0032516055662806017
morph_V2_t_amplitude_mean,0.008759641783238419,0.00652934923677181,-0.0006077474386333371,-0.0012527661338993699,0.002230292546466609
morph_V2_t_mean_median,0.008706100963570761,0.006066554034719373,-0.0035088911129308774,-0.0014121290009455865,0.0026395469288513877
sq_III_baseline_drift,0.008565886427501297,0.010146619197928714,-0.0023048024928491403,0.0018902042963726902,-0.0015807327704274177
st_V2_high_takeoff_gt_1mm_min,0.008392646445549625,0.007634235893989475,0.008392646445549625,0.00023722312422890906,0.0007584105515601501
st_V2_st_slope_j0_j40_min,0.008385151600661236,0.011328454486610367,0.002764171676122047,-0.001036063969680444,-0.00294330288594913
sq_V1_mean,0.008382136456815409,0.007621163108129717,0.004812711204500175,0.0013270856755483792,0.0007609733486856913
st_V2_r_amplitude_max,0.00837833325403102,0.009013983481644727,-0.0013028628587428632,0.00018760606360977312,-0.0006356502276137072
sq_aVR_std,0.008325863928996645,0.008798934167611142,0.0002671988551523547,0.0008344252340216732,-0.000473070238614497
st_V2_st_j80_j0_ratio_max,0.008235078655232327,0.007685244784265333,0.0012857669888456432,0.00016142468127172528,0.0005498338709669934
st_V1_st_j20_std,0.008224147318519249,0.009507710979440162,0.0007784541975706829,0.001206676794949414,-0.0012835636609209132
st_V3_st_area_above_baseline_min,0.008186693010533099,0.008769813690282601,8.966729081677385e-05,-0.0006755391207202341,-0.0005831206797495027
morph_V3_trough_depth_between_humps_std,0.008164716972846923,0.020261496551665842,0.008164716972846923,-0.006489242054165091,-0.012096779578818918
st_V3_st_curvature_sign_min,0.00813279780020053,0.008879652661644581,0.003294291848954008,0.001071829955395347,-0.0007468548614440514
morph_V2_t_inversion_indicator_max,0.008035604417213743,0.017231004532955497,-0.0034358202040464816,0.0021810837885209346,-0.009195400115741754
sq_I_rms,0.008022260698489839,0.008921301408868784,-0.0033760688010309125,-0.003076610911657016,-0.0008990407103789452
sq_aVR_min,0.008020547488459227,0.00836651764256808,0.00036225139531061227,-0.001962951287864112,-0.0003459701541088534
morph_V1_high_takeoff_gt_2mm_mean,0.007959007550962257,0.007207316376710181,0.0022976839486019336,2.498695633342667e-06,0.000751691174252076
sq_V6_range,0.007943367120368689,0.0076799253293212385,-0.0021309954217194017,-0.0001547433613095417,0.0002634417910474503
st_V2_s_amplitude_n_valid,0.007924589409468392,0.006099102340755447,0.003593916421829668,-0.003206708296185897,0.0018254870687129457
morph_V1_t_peak_value_std,0.007882516720136122,0.007750640891992098,-0.00039968046335209337,1.6500994576080527e-06,0.0001318758281440239
cl_mean_st_j40_v1v3,0.00787979259835798,0.007586048994463166,-0.0015192260680793896,-0.00040873886603629586,0.00029374360389481345
st_V3_r_amplitude_min,0.00782586809664375,0.007474019986963473,0.003922323578919611,-0.001130903857477815,0.0003518481096802771
st_V1_st_j60_median,0.007794438035006762,0.011278426736392037,-0.0013377091826527882,-0.0012136071374905923,-0.003483988701385275
morph_V3_covedness_score_max,0.007547750259063339,0.008918575861228415,0.003320137311116249,0.0020210005894939274,-0.0013708256021650756
st_V3_st_curvature_sign_std,0.007490022812822926,0.0075527658745750195,-0.0013303814485277087,-0.002273445701817192,-6.274306175209354e-05
st_V1_st_j40_j0_ratio_mean,0.007477202920096071,0.006473171384875307,0.0034978500515908664,0.0014019658537873507,0.0010040315352207643
st_V1_st_area_above_baseline_max,0.007416830086639427,0.006848755417982234,0.005326590087068695,-0.00040832368410371393,0.000568074668657193
morph_V2_trough_depth_between_humps_std,0.007286482074199916,0.008382393396573063,0.0012881366428183806,0.001103241610817788,-0.001095911322373147
sq_III_max,0.0072474603109845765,0.014896933901146395,-0.0034568596297973172,6.600372343994986e-05,-0.007649473590161818
morph_V3_covedness_score_mean,0.007061769372115731,0.006274893213710854,0.0022424363692621963,0.001358983301182802,0.0007868761584048775
morph_V3_high_takeoff_gt_1mm_std,0.007026768185835509,0.005210445210506362,-0.0017872216339272072,-0.0008116668460806252,0.0018163229753291477
st_V1_j_point_confidence_mean,0.006814264045832162,0.0035013155805316745,0.0013349522606126458,-0.0011439249472439488,0.003312948465300488
st_V3_rs_ratio_max,0.006730540288538711,0.007243807477493621,-0.00018178984853684104,0.0010820422738543885,-0.0005132671889549094
morph_V1_t_peak_value_min,0.006716279701917958,0.005102500451553457,-0.0011312879815599526,-3.821344371196008e-05,0.001613779250364501
morph_V1_trough_depth_between_humps_median,0.006713770921342059,0.006780701837525121,-0.0016078558772508254,0.001221437579351848,-6.693091618306234e-05
st_V1_st_j40_j0_ratio_n_valid,0.006565404793517134,0.008068601675720963,0.0010266588424871512,-0.0004949137769016526,-0.0015031968822038291
morph_V1_trough_depth_between_humps_max,0.0065284155066566065,0.008762280506857427,0.0022186628986444047,0.003381338244862201,-0.00223386500020082
st_V3_st_j60_n_valid,0.0065274212004518715,0.004846800463566165,0.002965141645093501,0.00046917193118184837,0.0016806207368857068
sq_V5_mean,0.006507514079230038,0.004569431673646124,-0.002592438418007642,0.0004915862169866415,0.0019380824055839144
st_V2_st_j20_n_valid,0.006502108061257257,0.004137695030948519,-0.0010599137641072853,0.00180172546633652,0.0023644130303087374
st_V2_rs_ratio_n_valid,0.006460903797568253,0.007102595163697444,0.0015179467182851578,0.00021678794454459485,-0.000641691366129191
sq_V5_range,0.006440549984721349,0.008655122873090983,-7.2987032073832405e-06,0.002025875590598851,-0.0022145728883696337
hr_estimate_bpm,0.0064252137963807,0.00518473211967934,-0.0026196958729997268,-0.0006598466814524814,0.0012404816767013598
sq_II_std,0.006413564277616749,0.006827570696520356,-0.00020314077748672527,-5.390289216870127e-05,-0.00041400641890360686
morph_V1_covedness_score_max,0.006393162576530697,0.00878523720668477,-0.0001223627181331423,0.0017902365598165741,-0.0023920746301540723
st_V3_st_convexity_mean,0.00634078652242589,0.005790087283842045,0.00022127288013794102,0.0006429577659886889,0.0005506992385838454
morph_V2_t_mean_mean,0.006319092116563718,0.006969199861539358,-0.004382370061878302,-0.0016835983894531669,-0.0006501077449756398
morph_V3_high_takeoff_gt_1mm_median,0.006264139100615123,0.015614201088893474,-0.0003980421240588522,0.0013352390844699363,-0.009350061988278351
morph_V3_high_takeoff_gt_2mm_max,0.006153486748103433,0.008508736608705695,0.0037330400229333596,-0.000345995894986944,-0.0023552498606022616
st_V1_r_amplitude_mean,0.006013681099897132,0.008988487892865294,0.000234696216587163,-0.000563378746293573,-0.0029748067929681616
st_V2_high_takeoff_gt_2mm_min,0.005976601248410954,0.0065400007261995135,0.004282735339610971,-0.001250022211686455,-0.0005633994777885596
morph_V2_t_mean_std,0.005954602106939995,0.007041812873987361,-0.0005453943229574499,-3.562548369791762e-05,-0.0010872107670473665
morph_V1_t_amplitude_min,0.005949580717929862,0.00534029423723236,0.0026429939157280604,0.00021472951118228247,0.0006092864806975015
morph_V1_t_peak_value_n_valid,0.005835524099070165,0.004155284403969318,-0.002772818427949558,-0.0008945279203368386,0.0016802396951008476
sq_aVL_rms,0.005789207783895275,0.005001218226610077,-0.0006903009291885469,0.00012939803283627718,0.0007879895572851982
rr_mean_ms,0.00577245993637724,0.007924814209316025,0.0010005449542873732,-0.0007843969361240057,-0.002152354272938785
morph_V3_covedness_score_std,0.005744772982832609,0.009014625911461323,-0.00149807990773728,0.002014947963768175,-0.003269852928628714
sq_V1_snr_proxy,0.005639463781722263,0.0081558374182454,0.001785088439324963,0.00033825484049289703,-0.002516373636523136
morph_V2_t_amplitude_max,0.005594033302837291,0.008501262866116355,0.0017173452204779537,0.00036870539876330486,-0.002907229563279064
st_V3_rs_ratio_min,0.005562842621615047,0.0038700737059116246,0.0016675398812482254,0.0006807265194450972,0.0016927689157034223
st_V1_st_j40_min,0.0055228106040311345,0.0076787947057275745,0.0017454985597807973,-0.0023888699306687917,-0.00215598410169644
morph_V3_t_peak_value_std,0.005456091218787248,0.00809850629498586,-0.0025627094971040266,-0.0015589613794715486,-0.002642415076198613
sq_V6_snr_proxy,0.0054423851255131295,0.0020474820825488642,0.00417651503788013,-6.207470279121692e-05,0.0033949030429642653
morph_V3_t_mean_n_valid,0.0053768808708379,0.007241979159077266,-0.001424493773987414,-0.00043253406246260604,-0.0018650982882393663
st_V2_st_j80_j0_ratio_median,0.005359716211004474,0.0076574513861318826,-0.0004482374188343161,4.41767109188049e-05,-0.0022977351751274086
st_V1_st_j60_max,0.0053410851577983,0.0008955136738808349,-0.0031255104525112778,-0.00012813673166473614,0.004445571483917466
morph_V3_t_amplitude_max,0.005338730242219727,0.006341901949999458,0.0006889324638637146,0.0011410455601387145,-0.0010031717077797313
morph_V3_t_peak_value_min,0.005337187138410559,0.0013751899612944,-0.003981231554582926,-0.00011146009769876026,0.0039619971771161595
st_V3_st_monotonicity_std,0.005313576133676655,0.003495784076287663,0.0026710433348719202,-8.54996134257664e-05,0.0018177920573889924
morph_V1_saddleback_score_min,0.0052310458614833934,0.00546697881553022,0.00041157712914834604,-0.0018011259708151078,-0.00023593295404682624
morph_V2_t_amplitude_min,0.005188667017868464,0.011843424845707523,0.004216198419269754,-0.002103293094173963,-0.006654757827839059
morph_V3_second_hump_amplitude_min,0.005152786649077332,0.002214471906008196,-0.002590523943991269,-0.00016706788659304385,0.002938314743069136
sq_I_range,0.00513914681462519,0.006439291731014697,0.0013734467428692207,0.0011887371636365583,-0.0013001449163895073
morph_V3_t_polarity_mean,0.0050784356009803185,0.003918211798894267,0.0009860828714935489,-0.0009561364391643313,0.0011602238020860514
morph_V3_t_amplitude_median,0.005061390344604936,0.004271859713417921,0.0006893720663471262,0.0002536921294646224,0.0007895306311870151
st_V2_st_j60_max,0.005024350087991658,0.006568169818756257,0.0027563694732165613,-0.001410584933017397,-0.001543819730764599
morph_V3_second_hump_amplitude_std,0.004979139966400032,0.0038497408966854984,-0.0025775563599247596,-0.0008991565892816731,0.0011293990697145333
morph_V1_t_polarity_median,0.004934444262793182,0.004604652645228623,0.0006985481946091866,0.00017448875417069376,0.0003297916175645588
morph_V2_high_takeoff_gt_2mm_mean,0.004882038396930213,0.004760741428163813,-0.0004900798726042683,0.0001904959208250829,0.00012129696876639947
st_V2_st_j60_std,0.004846701328397571,0.0041239468422345086,0.0008088973904714776,0.0010950530996669452,0.0007227544861630629
sq_V2_range,0.004843251273758994,0.0034641966342484638,0.0006805627277782656,0.0010039258625630905,0.0013790546395105298
st_V1_high_takeoff_gt_2mm_std,0.0048176999583742245,0.0037612103074399577,0.0030436608790861117,0.0006366641373610495,0.0010564896509342669
morph_V2_second_hump_amplitude_min,0.004761462135142394,0.006660069879598719,-0.0007151062982647067,0.0021045891335720744,-0.0018986077444563248
st_V2_st_slope_j0_j40_std,0.004730445032351097,0.0036735642748115644,0.0020020611976322364,0.0006578708904753197,0.001056880757539533
morph_V2_covedness_score_min,0.0047048742039815265,0.005905728025511155,0.001427821225829813,-0.0017637018083176117,-0.0012008538215296282
st_V3_st_j40_min,0.004604142195496098,0.003148486211373472,0.0009798178537503538,-0.0006142896412342863,0.001455655984122626
morph_V3_t_inversion_indicator_min,0.004583376633787604,0.00501617562207505,-0.0012598053949247825,-0.0009210544236601476,-0.00043279898828744567
st_V2_st_monotonicity_std,0.0044684774649182335,0.003358685554553608,0.0018761739227920859,-2.776545592508212e-05,0.0011097919103646254
morph_V2_high_takeoff_gt_1mm_std,0.004430344709329976,0.006130855033816662,0.0025742535100097943,-9.055706419257643e-05,-0.0017005103244866863
morph_V2_covedness_score_median,0.00436524968594312,0.002301015079878135,-0.0005035839435693485,0.0011646422228487074,0.002064234606064985
st_V1_r_amplitude_median,0.004335139101175078,0.005283090705701002,3.2264766234299786e-05,-0.00026497375865822744,-0.0009479516045259239
st_V2_r_amplitude_mean,0.004320699200769378,0.00493965160698735,0.001368382823359411,0.0001769503524027133,-0.0006189524062179723
morph_V2_saddleback_score_median,0.004289232126780225,0.00504167834439602,-0.0009775566005785236,-0.0004438043257890123,-0.0007524462176157955
sq_I_min,0.004264045673373492,0.004513133518942968,0.0020444525895934353,0.00012581250289591517,-0.0002490878455694767
st_V1_st_j60_min,0.0042554403101339065,0.002101919255073366,-0.002045831510699105,0.0011595740173829716,0.0021535210550605406
st_V2_s_amplitude_std,0.004250151493684621,0.001996018910838948,0.0027276322311770864,-0.0012979575647657656,0.0022541325828456726
morph_V3_t_inversion_indicator_median,0.004235503074320907,0.005250007750998644,0.0008515375119781015,0.00020409435926180684,-0.0010145046766777367
st_V3_rs_ratio_std,0.004206787186527716,0.007687388304036869,-0.0009808548838880528,-0.0006727796628136688,-0.0034806011175091533
st_V3_r_amplitude_mean,0.004174241790744021,0.002488086695818518,0.00039200415295597606,0.0006333466237638013,0.0016861550949255032
morph_V1_second_hump_present_max,0.004164255645224131,0.003914122230824375,-0.00017409395965698287,0.0004248746146386331,0.00025013341439975544
morph_V3_second_hump_present_max,0.004150812120029801,0.006205221383154179,-0.00027200514156567376,-0.0008195402294085807,-0.0020544092631243783
sq_V1_rms,0.0041400260179254465,0.0032263032792181423,0.0023928628670737933,0.0001300547867753783,0.0009137227387073042
sq_III_rms,0.004133405485680607,0.007758443057666873,-0.0016651521875571946,0.002109861536542101,-0.003625037571986266
st_V3_st_curvature_sign_median,0.004103355363599553,0.003526493654641532,0.00018708527186198673,-0.00022808561393608282,0.0005768617089580209
morph_V3_second_hump_amplitude_max,0.004018009739535804,0.0028323845625027465,-0.00017165010182284873,-0.0002277032389769541,0.001185625177033057
sq_aVR_baseline_drift,0.0039984816268674546,0.003173475433205882,0.000450546349839946,-9.079928000421748e-05,0.0008250061936615725
sq_V4_range,0.003990697801897396,0.003821110906994505,-0.0002940764885983961,0.00023547487949971777,0.00016958689490289116
sq_V5_std,0.003955566321107496,0.008397086850831514,0.003204415475606516,0.0008056275523186471,-0.004441520529724018
sq_aVR_rms,0.003933442084265763,0.002603386641522202,-0.0006710727588812872,0.0004534366682093843,0.0013300554427435611
morph_V1_high_takeoff_gt_1mm_mean,0.003921392207205475,0.0068175296956926165,-0.0012357147705839308,0.0004530606023928268,-0.0028961374884871414
sq_II_baseline_drift,0.003908056468353592,0.0022580445469649003,-0.0010233619713873883,-0.000156369623379249,0.0016500119213886917
morph_V3_t_mean_median,0.003908004813435434,0.0008592410874634104,-0.000713748119428367,0.0003545730455554602,0.0030487637259720237
st_V2_st_area_above_baseline_min,0.0039054713354102744,0.005770384426705706,-0.0003223193137857407,-0.0012073404236797227,-0.0018649130912954319
st_V3_j_point_amplitude_max,0.0038895364007667426,0.002763592778260483,-1.3036188718519736e-05,-0.0007105334325067197,0.0011259436225062596
st_V3_st_slope_j20_j80_n_valid,0.0038800189222552082,0.004067764669033685,0.002333342643748777,0.0015515502673356457,-0.00018774574677847674
morph_V1_high_takeoff_gt_1mm_std,0.003860953497014143,0.00469711742480692,0.0018592959328701615,2.1828035580628096e-05,-0.0008361639277927775
st_V2_s_amplitude_max,0.003795350969487185,0.0012910912320251188,0.0005831171252985198,0.0007030204446006122,0.0025042597374620662
st_V2_st_curvature_sign_median,0.003742098770545487,0.0015718240619276712,0.001254840969157066,-0.0009088407517881201,0.0021702747086178157
morph_V1_second_hump_amplitude_max,0.003628492537199657,0.0031843346463457847,8.937929707927424e-06,0.0008907120755000731,0.00044415789085387215
st_V1_high_takeoff_gt_1mm_std,0.003529915171675362,0.0026896109425167273,-0.00022740266114276575,-0.0007269863983233257,0.0008403042291586348
st_V1_s_amplitude_min,0.003509048158057809,0.006030437155896041,-0.0007287772771853434,-0.001793849739839913,-0.0025213889978382325
sq_V2_baseline_drift,0.003465587691967613,0.006658428019587632,0.0006272929829643317,-0.00139893973171581,-0.003192840327620019
st_V2_st_j40_max,0.0034183120935554713,0.0033005992161719965,-0.00021641378410431044,9.224652509019067e-05,0.00011771287738347475
morph_V1_high_takeoff_gt_1mm_median,0.003313425305348465,0.0017229998368730813,0.0007736093349950817,-0.0004990248413243742,0.0015904254684753836
sq_V2_snr_proxy,0.0033091538977858175,0.004625590227751981,-0.0001447512023150961,0.0008191751323977769,-0.0013164363299661636
st_V2_high_takeoff_gt_1mm_max,0.003307940948595232,0.004345800816649333,8.481026253368707e-05,0.00014527290653865415,-0.0010378598680541007
morph_V2_t_inversion_indicator_min,0.0032546313538363036,0.0056788855558747965,-0.00032628722292812754,0.000522444725477939,-0.002424254202038493
sq_V3_max,0.0032289868492731107,0.0036250915747616072,0.0003210905049682475,-0.0006904725580498912,-0.0003961047254884965
morph_V3_t_inversion_indicator_std,0.0032128510952583967,0.005135897680831489,0.0016597502928619278,-0.0014594885998953915,-0.001923046585573092
st_V1_st_j40_j0_ratio_std,0.0032032359518894857,0.002083865682941679,0.00027668629920011195,-0.0005250085178983412,0.0011193702689478065
st_V1_st_j60_mean,0.003123515400741433,0.0022730836553907824,-0.00017158776080529884,0.00011681394800803025,0.0008504317453506506
sq_aVF_max,0.003091272038260559,0.0015183835519146582,0.0011648041470662437,0.00023739338196968903,0.001572888486345901
st_V2_j_point_confidence_mean,0.003031909713080436,0.003716066014183869,-0.001253985603045877,-0.0004695283751675298,-0.000684156301103433
st_V2_st_j80_max,0.0029708548860722305,0.0062338360116041365,0.0029708548860722305,0.0006608458392919038,-0.003262981125531906
st_V1_st_monotonicity_mean,0.0029525452913520323,0.002961858891223255,0.0016810226773745131,0.0008962190825531057,-9.313599871222517e-06
st_V1_st_area_above_baseline_median,0.0028646620078698498,0.0025199430067260873,0.0006677837562011971,0.0008771829371979773,0.00034471900114376244
morph_V3_high_takeoff_gt_2mm_mean,0.002787209363274368,0.002515844629496613,-0.0011793084193241683,-0.0005714385282371609,0.0002713647337777552
st_V2_r_amplitude_n_valid,0.0027650751271530113,0.0040455367926261485,0.0022324259638001978,0.0004237595588643773,-0.0012804616654731372
sq_V5_baseline_drift,0.002728761097073156,0.0030757582383327594,-0.0008460956084002762,-0.0006639577516513624,-0.00034699714125960334
morph_V1_t_polarity_max,0.002539526798615323,0.003905762965670854,0.0023339912981579143,0.0007999390924433768,-0.0013662361670555311
sq_III_std,0.002409700873540706,0.0025045913367334168,0.0020723428961355165,0.0012879139723950645,-9.489046319271057e-05
st_V3_j_point_amplitude_median,0.00237969816833929,0.0023006760599643167,0.0005854837946887736,-0.0002516236852607962,7.902210837497326e-05
morph_V2_covedness_score_std,0.002356711583653161,0.003440684957384324,0.0004312236379145813,0.0005603263461605405,-0.001083973373731163
morph_V1_t_peak_value_mean,0.0023555332601168273,0.002391677490704862,0.0003960438212379749,5.667613845201264e-05,-3.6144230588034884e-05
st_V2_high_takeoff_gt_1mm_n_valid,0.0022286962060943933,0.001949743658421023,-0.0003211617401163818,0.0005774984296528093,0.00027895254767337026
st_V1_st_j40_j0_ratio_median,0.0022260463889688196,0.001699908320704395,0.0022260463889688196,0.001699908320704395,0.0005261380682644245
st_V2_st_j40_j0_ratio_mean,0.0021542601351086936,0.0025309817807080367,0.000956614424817654,0.00014073035390949924,-0.0003767216455993431
st_V2_st_monotonicity_median,0.0021511651362341308,0.0017622953316501703,0.00010583339626656852,-9.524113196833147e-06,0.00038886980458396046
st_V2_st_area_above_baseline_n_valid,0.002115889900903147,0.003951344449034113,-0.0007742906445147085,0.0012566644571176473,-0.0018354545481309658
sq_I_std,0.0019636131128247143,0.002213759822576243,-0.00014423783341618296,0.00015726480305272773,-0.0002501467097515285
st_V3_st_area_above_baseline_mean,0.00186166115411507,0.0017890651940728212,0.0005878023248116726,-0.000187944633308611,7.259596004224877e-05
morph_V3_t_polarity_median,0.001849461315493825,0.0016763577164387565,-0.0006383795972521407,-0.0005910933914007032,0.00017310359905506854
st_V3_st_j40_j0_ratio_min,0.0018059947684799253,0.0023159906357033406,-0.0012569413961548434,-0.0006321055220783893,-0.0005099958672234153
st_V2_st_j40_std,0.0017949180344217603,0.0006375266338669264,-0.0005862699924527103,0.00046188632659093973,0.001157391400554834
st_V1_j_point_amplitude_mean,0.0017875554422406563,0.0053679579442516044,0.0005051313889654016,0.00032303721173455,-0.0035804025020109483
st_V3_j_point_amplitude_std,0.0016995231714099404,0.0026238909263799647,-0.0010901757128732588,-0.0004816070737686979,-0.0009243677549700244
sq_V5_rms,0.0016922598905665252,0.002247851740841451,-9.701865186032835e-06,-0.0002572682926931007,-0.0005555918502749258
morph_V3_t_polarity_max,0.0016691577772756816,0.0013922072093583257,-0.00010286320834174995,-0.00022475533667652505,0.0002769505679173559
st_V1_s_amplitude_median,0.0016353127012323251,0.0010980265949713083,0.001243713620167804,-0.00013331392721536685,0.0005372861062610168
st_V1_high_takeoff_gt_2mm_n_valid,0.0015880181184528626,0.0017581148150957759,0.001349190692662406,0.0003267366115899449,-0.00017009669664291328
st_V1_j_point_amplitude_median,0.0015761828701943042,0.0033926793268333213,0.0012698836629523934,2.850041740965548e-05,-0.001816496456639017
st_V1_st_slope_j0_j40_n_valid,0.0015435407585219294,0.0008168907292213149,-0.0008140218650039864,1.1479982307978768e-05,0.0007266500293006146
st_V3_j_point_amplitude_min,0.0014892990710703832,0.00291166056687407,-0.00017154986332906978,0.0004078467179881524,-0.001422361495803687
st_V1_st_slope_j20_j80_max,0.0014820808005568103,0.002055724785510658,-0.0014820808005568103,-0.0011442259413543764,-0.0005736439849538476
sq_V1_baseline_drift,0.0014768375659753531,0.0018289566395369376,2.8677912134865766e-05,0.00020190342329441983,-0.00035211907356158447
st_V3_st_j40_j0_ratio_median,0.0014661424812909666,0.002603599480531757,0.00018810305842442763,0.0006662875585232006,-0.0011374569992407904
sq_aVL_baseline_drift,0.0014375745862918422,0.004485089412990968,0.0014375745862918422,0.00034806917911518693,-0.003047514826699126
morph_V1_t_inversion_indicator_max,0.0014366778496064604,0.0026377472063390203,-0.0014366778496064604,-0.00020290363125684478,-0.0012010693567325599
morph_V2_covedness_score_mean,0.0013937591207458723,0.0026077224797072603,0.0010482868723767351,-0.0003908152569357879,-0.001213963358961388
sq_III_mean,0.0013186579349597726,0.0027449730159357765,0.0012540605080951118,-0.00035313667826847626,-0.001426315080976004
st_V1_st_slope_j20_j80_mean,0.0013019525573441815,0.0008481795039637939,0.0013019525573441815,0.0008481795039637939,0.00045377305338038766
st_V1_st_j60_n_valid,0.001292274148252446,0.0014261150009644518,0.0003594240712884224,-2.8806189886365266e-05,-0.0001338408527120057
st_V2_st_j40_median,0.0012398909993077579,0.0,0.0012398909993077579,0.0,0.0012398909993077579
st_V3_s_amplitude_min,0.0012185993092440912,0.002382056058763935,0.000166938582429125,0.00015125444645361746,-0.001163456749519844
st_V1_st_monotonicity_median,0.001212515548165687,0.0015928445002940219,-0.0002491798433230103,-0.0005233118931668752,-0.0003803289521283348
sq_aVL_min,0.0011451251559743685,0.0019626090940386516,0.0011451251559743685,-4.1049577373663575e-05,-0.0008174839380642831
morph_V1_covedness_score_mean,0.0010763322936959108,0.0017337779150724012,0.0009700747743543002,-1.4018529623694385e-05,-0.0006574456213764904
morph_V2_second_hump_amplitude_median,0.0010150456415048041,0.0010726950575762994,0.00043845092105727234,0.00013889760945562705,-5.7649416071495294e-05
st_V3_st_j80_max,0.0009942223457619446,0.0010057140366281278,0.0006718322097961,0.00018045519845307382,-1.1491690866183247e-05
morph_V3_trough_depth_between_humps_min,0.0009487520851881093,7.226708938954983e-05,0.0009487520851881093,7.226708938954983e-05,0.0008764849957985595
morph_V2_t_mean_max,0.000922809466842163,0.0016949137192842465,0.000922809466842163,0.00020430269307142163,-0.0007721042524420834
st_V3_st_j20_median,0.0008581927673596973,0.002146994778140066,0.000851368980580245,-0.0006692543285752959,-0.0012888020107803687
st_V2_high_takeoff_gt_1mm_std,0.0007308006477787183,0.0017926461354079684,0.00013212285984896049,-0.0007289622738983337,-0.00106184548762925
morph_V2_second_hump_amplitude_n_valid,0.0007133954618199672,0.0,-0.0007133954618199672,0.0,0.0007133954618199672
morph_V3_covedness_score_median,0.0007123829746055116,0.0017989841862565362,-0.0006055549540140301,0.0005729014640966046,-0.0010866012116510246
st_V1_st_slope_j20_j80_median,0.0006007796864172186,0.001062735119828036,0.00020570634668203413,-0.0002379478564167813,-0.00046195543341081733
morph_V2_high_takeoff_gt_2mm_median,0.0005971746984869184,0.0011435889967762575,0.0005971746984869184,-6.145368558144538e-05,-0.0005464142982893391
morph_V3_saddleback_score_median,0.0005860336210676656,0.00037237510305767295,-7.894539886987894e-05,6.293407962608537e-05,0.00021365851800999268
st_V2_st_j20_mean,0.00031130228932994337,0.0005473672358792782,0.0002208530310369697,-5.526345817029377e-05,-0.00023606494654933487
morph_V3_t_inversion_indicator_n_valid,0.00029350793944965,0.00041350828574560945,-0.00016023660691356318,-0.00041350828574560945,-0.00012000034629595945
st_V3_rs_ratio_median,0.0002825837896058315,0.0012214365286122928,-0.0002825837896058315,-0.0007082275663362877,-0.0009388527390064613
st_V1_st_curvature_sign_max,0.00012082693314080791,0.0003767955309682125,-4.743486152668684e-05,-1.4948666433222614e-05,-0.00025596859782740463
sq_aVR_max,4.1045446537039405e-05,7.24529205311944e-05,5.954654985355196e-06,2.3929198996169997e-05,-3.1407473994155e-05
st_V2_st_area_above_baseline_median,3.055471694096501e-05,8.387800714954048e-05,-2.872325443221129e-05,-8.333239723839605e-05,-5.332329020857547e-05
st_V2_st_slope_j20_j80_min,1.8005063267130207e-05,3.3465306102602954e-05,-1.8005063267130207e-05,-3.3465306102602954e-05,-1.5460242835472746e-05
st_V3_st_convexity_median,4.855163738523661e-06,4.608299703262614e-06,1.4825888272178802e-06,2.5244322783907553e-06,2.468640352610473e-07
st_V1_st_j80_std,0.0,0.0,0.0,0.0,0.0
st_V1_st_j80_min,0.0,0.0,0.0,0.0,0.0
st_V1_st_j80_max,0.0,0.0,0.0,0.0,0.0
st_V1_st_j80_n_valid,0.0,0.0,0.0,0.0,0.0
morph_V2_trough_depth_between_humps_mean,0.0,0.0,0.0,0.0,0.0
sq_V4_std,0.0,0.0,0.0,0.0,0.0
sq_V4_min,0.0,0.0,0.0,0.0,0.0
sq_V4_max,0.0,0.0,0.0,0.0,0.0
sq_V2_rms,0.0,0.0,0.0,0.0,0.0
sq_V2_noise_energy,0.0,0.0,0.0,0.0,0.0
sq_aVR_snr_proxy,0.0,0.0,0.0,0.0,0.0
sq_V3_baseline_drift,0.0,0.0,0.0,0.0,0.0
sq_aVL_snr_proxy,0.0,0.0,0.0,0.0,0.0
sq_III_range,0.0,0.0,0.0,0.0,0.0
sq_aVR_mean,0.0,0.0,0.0,0.0,0.0
morph_V3_second_hump_present_median,0.0,0.0,0.0,0.0,0.0
morph_V3_second_hump_present_n_valid,0.0,0.0,0.0,0.0,0.0
st_V2_st_slope_j0_j40_median,0.0,0.0,0.0,0.0,0.0
morph_V2_second_hump_amplitude_max,0.0,0.0,0.0,0.0,0.0
morph_V2_second_hump_amplitude_std,0.0,0.0,0.0,0.0,0.0
st_V1_rs_ratio_mean,0.0,0.0,0.0,0.0,0.0
st_V1_rs_ratio_median,0.0,0.0,0.0,0.0,0.0
st_V1_rs_ratio_std,0.0,0.0,0.0,0.0,0.0
st_V1_rs_ratio_min,0.0,0.0,0.0,0.0,0.0
st_V2_rs_ratio_max,0.0,0.0,0.0,0.0,0.0
st_V1_rs_ratio_n_valid,0.0,0.0,0.0,0.0,0.0
sq_aVL_mean,0.0,0.0,0.0,0.0,0.0
st_V3_st_monotonicity_median,0.0,0.0,0.0,0.0,0.0
st_V3_st_monotonicity_n_valid,0.0,0.0,0.0,0.0,0.0
st_V1_st_curvature_sign_median,0.0,0.0,0.0,0.0,0.0
st_V3_st_slope_j0_j40_mean,0.0,0.0,0.0,0.0,0.0
st_V3_st_slope_j0_j40_median,0.0,0.0,0.0,0.0,0.0
st_V3_st_slope_j0_j40_std,0.0,0.0,0.0,0.0,0.0
st_V3_st_slope_j0_j40_min,0.0,0.0,0.0,0.0,0.0
st_V3_st_slope_j0_j40_max,0.0,0.0,0.0,0.0,0.0
st_V3_st_slope_j0_j40_n_valid,0.0,0.0,0.0,0.0,0.0
morph_V3_second_hump_amplitude_mean,0.0,0.0,0.0,0.0,0.0
morph_V3_second_hump_amplitude_median,0.0,0.0,0.0,0.0,0.0
morph_V1_second_hump_present_median,0.0,0.0,0.0,0.0,0.0
st_V3_s_amplitude_std,0.0,0.0,0.0,0.0,0.0
st_V3_s_amplitude_max,0.0,0.0,0.0,0.0,0.0
st_V3_s_amplitude_n_valid,0.0,0.0,0.0,0.0,0.0
morph_V2_t_inversion_indicator_mean,0.0,0.0,0.0,0.0,0.0
morph_V2_t_inversion_indicator_median,0.0,0.0,0.0,0.0,0.0
morph_V2_t_inversion_indicator_std,0.0,0.0,0.0,0.0,0.0
st_V2_st_monotonicity_min,0.0,0.0,0.0,0.0,0.0
st_V2_st_monotonicity_max,0.0,0.0,0.0,0.0,0.0
st_V2_st_monotonicity_n_valid,0.0,0.0,0.0,0.0,0.0
morph_V1_t_amplitude_mean,0.0,0.0,0.0,0.0,0.0
st_V1_st_slope_j20_j80_n_valid,0.0,0.0,0.0,0.0,0.0
st_V3_s_amplitude_mean,0.0,0.0,0.0,0.0,0.0
st_V3_s_amplitude_median,0.0,0.0,0.0,0.0,0.0
st_V2_j_point_amplitude_mean,0.0,0.0,0.0,0.0,0.0
st_V2_j_point_amplitude_median,0.0,0.0,0.0,0.0,0.0
morph_V3_t_inversion_indicator_mean,0.0,0.0,0.0,0.0,0.0
morph_V3_t_inversion_indicator_max,0.0,0.0,0.0,0.0,0.0
st_V3_st_monotonicity_mean,0.0,0.0,0.0,0.0,0.0
st_V2_st_j80_j0_ratio_mean,0.0,0.0,0.0,0.0,0.0
st_V2_st_j80_j0_ratio_min,0.0,0.0,0.0,0.0,0.0
st_V2_st_j80_j0_ratio_n_valid,0.0,0.0,0.0,0.0,0.0
st_V3_st_convexity_std,0.0,0.0,0.0,0.0,0.0
st_V3_st_convexity_min,0.0,0.0,0.0,0.0,0.0
st_V3_st_convexity_max,0.0,0.0,0.0,0.0,0.0
st_V3_st_convexity_n_valid,0.0,0.0,0.0,0.0,0.0
st_V1_j_point_confidence_std,0.0,0.0,0.0,0.0,0.0
st_V1_j_point_confidence_min,0.0,0.0,0.0,0.0,0.0
morph_V2_t_peak_value_mean,0.0,0.0,0.0,0.0,0.0
st_V2_st_j20_median,0.0,0.0,0.0,0.0,0.0
st_V3_j_point_amplitude_n_valid,0.0,0.0,0.0,0.0,0.0
st_V1_r_amplitude_max,0.0,0.0,0.0,0.0,0.0
st_V3_st_slope_j20_j80_max,0.0,0.0,0.0,0.0,0.0
st_V2_st_slope_j20_j80_mean,0.0,0.0,0.0,0.0,0.0
st_V2_st_slope_j20_j80_median,0.0,0.0,0.0,0.0,0.0
st_V2_st_slope_j20_j80_std,0.0,0.0,0.0,0.0,0.0
st_V2_st_slope_j20_j80_max,0.0,0.0,0.0,0.0,0.0
st_V2_st_slope_j20_j80_n_valid,0.0,0.0,0.0,0.0,0.0
morph_V2_covedness_score_max,0.0,0.0,0.0,0.0,0.0
morph_V2_covedness_score_n_valid,0.0,0.0,0.0,0.0,0.0
st_V3_st_slope_j20_j80_mean,0.0,0.0,0.0,0.0,0.0
st_V3_st_slope_j20_j80_std,0.0,0.0,0.0,0.0,0.0
st_V2_r_amplitude_median,0.0,0.0,0.0,0.0,0.0
st_V2_r_amplitude_std,0.0,0.0,0.0,0.0,0.0
st_V2_r_amplitude_min,0.0,0.0,0.0,0.0,0.0
st_V1_st_j40_j0_ratio_min,0.0,0.0,0.0,0.0,0.0
st_V1_st_j40_j0_ratio_max,0.0,0.0,0.0,0.0,0.0
st_V1_st_monotonicity_std,0.0,0.0,0.0,0.0,0.0
st_V1_st_monotonicity_max,0.0,0.0,0.0,0.0,0.0
st_V3_st_j60_mean,0.0,0.0,0.0,0.0,0.0
st_V3_st_j60_median,0.0,0.0,0.0,0.0,0.0
st_V3_st_j60_min,0.0,0.0,0.0,0.0,0.0
st_V3_st_j60_max,0.0,0.0,0.0,0.0,0.0
st_V3_st_j40_mean,0.0,0.0,0.0,0.0,0.0
st_V3_st_j40_median,0.0,0.0,0.0,0.0,0.0
morph_V1_t_mean_mean,0.0,0.0,0.0,0.0,0.0
morph_V1_t_mean_std,0.0,0.0,0.0,0.0,0.0
morph_V1_t_mean_min,0.0,0.0,0.0,0.0,0.0
morph_V1_t_mean_max,0.0,0.0,0.0,0.0,0.0
morph_V1_t_mean_n_valid,0.0,0.0,0.0,0.0,0.0
st_V2_high_takeoff_gt_2mm_mean,0.0,0.0,0.0,0.0,0.0
st_V2_high_takeoff_gt_2mm_median,0.0,0.0,0.0,0.0,0.0
morph_V3_covedness_score_n_valid,0.0,0.0,0.0,0.0,0.0
morph_V1_saddleback_score_max,0.0,0.0,0.0,0.0,0.0
morph_V1_saddleback_score_n_valid,0.0,0.0,0.0,0.0,0.0
morph_V3_high_takeoff_gt_1mm_mean,0.0,0.0,0.0,0.0,0.0
morph_V3_high_takeoff_gt_1mm_min,0.0,0.0,0.0,0.0,0.0
morph_V3_high_takeoff_gt_1mm_max,0.0,0.0,0.0,0.0,0.0
morph_V3_high_takeoff_gt_1mm_n_valid,0.0,0.0,0.0,0.0,0.0
morph_V3_trough_depth_between_humps_mean,0.0,0.0,0.0,0.0,0.0
st_V2_high_takeoff_gt_2mm_max,0.0,0.0,0.0,0.0,0.0
st_V2_high_takeoff_gt_2mm_n_valid,0.0,0.0,0.0,0.0,0.0
morph_V1_second_hump_amplitude_mean,0.0,0.0,0.0,0.0,0.0
morph_V1_second_hump_amplitude_median,0.0,0.0,0.0,0.0,0.0
morph_V1_second_hump_amplitude_std,0.0,0.0,0.0,0.0,0.0
morph_V1_second_hump_amplitude_min,0.0,0.0,0.0,0.0,0.0
morph_V1_second_hump_amplitude_n_valid,0.0,0.0,0.0,0.0,0.0
morph_V1_high_takeoff_gt_1mm_n_valid,0.0,0.0,0.0,0.0,0.0
st_V3_r_amplitude_median,0.0,0.0,0.0,0.0,0.0
morph_V1_t_inversion_indicator_mean,0.0,0.0,0.0,0.0,0.0
morph_V1_t_inversion_indicator_median,0.0,0.0,0.0,0.0,0.0
morph_V1_t_inversion_indicator_std,0.0,0.0,0.0,0.0,0.0
morph_V1_t_inversion_indicator_min,0.0,0.0,0.0,0.0,0.0
morph_V1_t_inversion_indicator_n_valid,0.0,0.0,0.0,0.0,0.0
st_V2_st_convexity_n_valid,0.0,0.0,0.0,0.0,0.0
sq_aVF_range,0.0,0.0,0.0,0.0,0.0
morph_V3_covedness_score_min,0.0,0.0,0.0,0.0,0.0
st_V3_r_amplitude_std,0.0,0.0,0.0,0.0,0.0
st_V2_st_area_above_baseline_mean,0.0,0.0,0.0,0.0,0.0
st_V2_st_slope_j0_j40_n_valid,0.0,0.0,0.0,0.0,0.0
st_V2_st_area_above_baseline_std,0.0,0.0,0.0,0.0,0.0
st_V3_j_point_confidence_std,0.0,0.0,0.0,0.0,0.0
st_V3_j_point_confidence_min,0.0,0.0,0.0,0.0,0.0
st_V3_j_point_confidence_max,0.0,0.0,0.0,0.0,0.0
st_V3_j_point_confidence_n_valid,0.0,0.0,0.0,0.0,0.0
st_V2_st_curvature_sign_max,0.0,0.0,0.0,0.0,0.0
st_V2_st_curvature_sign_n_valid,0.0,0.0,0.0,0.0,0.0
st_V3_st_j80_mean,0.0,0.0,0.0,0.0,0.0
st_V3_st_j80_n_valid,0.0,0.0,0.0,0.0,0.0
st_V1_st_convexity_median,0.0,0.0,0.0,0.0,0.0
st_V1_st_convexity_std,0.0,0.0,0.0,0.0,0.0
st_V1_st_convexity_min,0.0,0.0,0.0,0.0,0.0
st_V1_st_convexity_max,0.0,0.0,0.0,0.0,0.0
st_V1_st_convexity_n_valid,0.0,0.0,0.0,0.0,0.0
st_V3_st_j80_j0_ratio_mean,0.0,0.0,0.0,0.0,0.0
st_V3_st_j80_j0_ratio_median,0.0,0.0,0.0,0.0,0.0
st_V3_st_j80_j0_ratio_std,0.0,0.0,0.0,0.0,0.0
st_V3_st_j80_j0_ratio_min,0.0,0.0,0.0,0.0,0.0
st_V3_st_j80_j0_ratio_max,0.0,0.0,0.0,0.0,0.0
st_V3_st_j80_j0_ratio_n_valid,0.0,0.0,0.0,0.0,0.0
morph_V1_trough_depth_between_humps_mean,0.0,0.0,0.0,0.0,0.0
st_V1_st_j20_n_valid,0.0,0.0,0.0,0.0,0.0
morph_V3_t_peak_value_mean,0.0,0.0,0.0,0.0,0.0
morph_V3_t_peak_value_median,0.0,0.0,0.0,0.0,0.0
morph_V3_t_peak_value_n_valid,0.0,0.0,0.0,0.0,0.0
morph_V2_second_hump_present_mean,0.0,0.0,0.0,0.0,0.0
morph_V2_second_hump_present_median,0.0,0.0,0.0,0.0,0.0
morph_V2_second_hump_present_std,0.0,0.0,0.0,0.0,0.0
morph_V2_second_hump_present_min,0.0,0.0,0.0,0.0,0.0
morph_V2_second_hump_present_max,0.0,0.0,0.0,0.0,0.0
morph_V2_second_hump_present_n_valid,0.0,0.0,0.0,0.0,0.0
st_V3_j_point_confidence_mean,0.0,0.0,0.0,0.0,0.0
st_V3_j_point_confidence_median,0.0,0.0,0.0,0.0,0.0
morph_V1_t_polarity_n_valid,0.0,0.0,0.0,0.0,0.0
st_V1_st_j80_j0_ratio_mean,0.0,0.0,0.0,0.0,0.0
st_V1_st_j80_j0_ratio_median,0.0,0.0,0.0,0.0,0.0
st_V1_st_j80_j0_ratio_n_valid,0.0,0.0,0.0,0.0,0.0
st_V2_high_takeoff_gt_1mm_median,0.0,0.0,0.0,0.0,0.0
st_V2_st_j80_mean,0.0,0.0,0.0,0.0,0.0
st_V2_st_j80_median,0.0,0.0,0.0,0.0,0.0
st_V2_st_j80_std,0.0,0.0,0.0,0.0,0.0
st_V2_st_j80_min,0.0,0.0,0.0,0.0,0.0
st_V2_st_j80_n_valid,0.0,0.0,0.0,0.0,0.0
st_V3_high_takeoff_gt_2mm_mean,0.0,0.0,0.0,0.0,0.0
sq_V3_mean,0.0,0.0,0.0,0.0,0.0
sq_V3_std,0.0,0.0,0.0,0.0,0.0
sq_V3_rms,0.0,0.0,0.0,0.0,0.0
sq_V3_min,0.0,0.0,0.0,0.0,0.0
st_V2_st_j40_j0_ratio_median,0.0,0.0,0.0,0.0,0.0
st_V2_st_j40_j0_ratio_std,0.0,0.0,0.0,0.0,0.0
st_V2_st_j40_j0_ratio_min,0.0,0.0,0.0,0.0,0.0
st_V2_st_j40_j0_ratio_max,0.0,0.0,0.0,0.0,0.0
st_V2_st_j40_j0_ratio_n_valid,0.0,0.0,0.0,0.0,0.0
st_V1_st_area_above_baseline_mean,0.0,0.0,0.0,0.0,0.0
morph_V2_t_polarity_n_valid,0.0,0.0,0.0,0.0,0.0
morph_V3_t_mean_min,0.0,0.0,0.0,0.0,0.0
st_V2_rs_ratio_mean,0.0,0.0,0.0,0.0,0.0
st_V2_rs_ratio_median,0.0,0.0,0.0,0.0,0.0
st_V2_rs_ratio_min,0.0,0.0,0.0,0.0,0.0
st_V3_high_takeoff_gt_2mm_median,0.0,0.0,0.0,0.0,0.0
st_V3_high_takeoff_gt_2mm_std,0.0,0.0,0.0,0.0,0.0
st_V3_high_takeoff_gt_2mm_min,0.0,0.0,0.0,0.0,0.0
st_V3_high_takeoff_gt_2mm_max,0.0,0.0,0.0,0.0,0.0
st_V3_high_takeoff_gt_2mm_n_valid,0.0,0.0,0.0,0.0,0.0
morph_V2_saddleback_score_n_valid,0.0,0.0,0.0,0.0,0.0
st_V3_st_j40_j0_ratio_std,0.0,0.0,0.0,0.0,0.0
st_V3_st_j40_j0_ratio_max,0.0,0.0,0.0,0.0,0.0
st_V3_st_j40_j0_ratio_n_valid,0.0,0.0,0.0,0.0,0.0
morph_V3_saddleback_score_mean,0.0,0.0,0.0,0.0,0.0
sq_I_max,0.0,0.0,0.0,0.0,0.0
morph_V3_saddleback_score_std,0.0,0.0,0.0,0.0,0.0
morph_V3_saddleback_score_min,0.0,0.0,0.0,0.0,0.0
morph_V3_saddleback_score_n_valid,0.0,0.0,0.0,0.0,0.0
morph_V3_high_takeoff_gt_2mm_median,0.0,0.0,0.0,0.0,0.0
st_V2_s_amplitude_median,0.0,0.0,0.0,0.0,0.0
morph_V2_high_takeoff_gt_1mm_min,0.0,0.0,0.0,0.0,0.0
morph_V2_high_takeoff_gt_1mm_max,0.0,0.0,0.0,0.0,0.0
morph_V2_high_takeoff_gt_1mm_n_valid,0.0,0.0,0.0,0.0,0.0
st_V3_high_takeoff_gt_1mm_mean,0.0,0.0,0.0,0.0,0.0
st_V3_high_takeoff_gt_1mm_median,0.0,0.0,0.0,0.0,0.0
st_V3_high_takeoff_gt_1mm_std,0.0,0.0,0.0,0.0,0.0
st_V3_high_takeoff_gt_1mm_min,0.0,0.0,0.0,0.0,0.0
st_V3_high_takeoff_gt_1mm_max,0.0,0.0,0.0,0.0,0.0
st_V3_high_takeoff_gt_1mm_n_valid,0.0,0.0,0.0,0.0,0.0
st_V1_high_takeoff_gt_1mm_median,0.0,0.0,0.0,0.0,0.0
morph_V2_trough_depth_between_humps_median,0.0,0.0,0.0,0.0,0.0
st_V1_high_takeoff_gt_1mm_n_valid,0.0,0.0,0.0,0.0,0.0
st_V1_high_takeoff_gt_2mm_max,0.0,0.0,0.0,0.0,0.0
st_V1_st_j40_std,0.0,0.0,0.0,0.0,0.0
st_V1_st_j40_n_valid,0.0,0.0,0.0,0.0,0.0
st_V2_st_j60_n_valid,0.0,0.0,0.0,0.0,0.0
morph_V1_t_peak_value_max,0.0,0.0,0.0,0.0,0.0
st_V1_high_takeoff_gt_2mm_min,0.0,0.0,0.0,0.0,0.0
sq_V6_mean,0.0,0.0,0.0,0.0,0.0
sq_V6_std,0.0,0.0,0.0,0.0,0.0
sq_V6_rms,0.0,0.0,0.0,0.0,0.0
sq_V6_baseline_drift,0.0,0.0,0.0,0.0,0.0
st_V2_st_j40_mean,0.0,0.0,0.0,0.0,0.0
st_V3_st_curvature_sign_n_valid,0.0,0.0,0.0,0.0,0.0
morph_V2_t_amplitude_median,0.0,0.0,0.0,0.0,0.0
morph_V2_t_polarity_max,0.0,0.0,0.0,0.0,0.0
st_V1_st_area_above_baseline_min,0.0,0.0,0.0,0.0,0.0
sq_aVF_baseline_drift,0.0,0.0,0.0,0.0,0.0
sq_V1_max,0.0,0.0,0.0,0.0,0.0
sq_V1_noise_energy,0.0,0.0,0.0,0.0,0.0
sq_V2_mean,0.0,0.0,0.0,0.0,0.0
st_V1_s_amplitude_max,0.0,0.0,0.0,0.0,0.0
st_V1_s_amplitude_n_valid,0.0,0.0,0.0,0.0,0.0
st_V1_j_point_amplitude_std,0.0,0.0,0.0,0.0,0.0
st_V1_j_point_amplitude_min,0.0,0.0,0.0,0.0,0.0
st_V1_j_point_amplitude_max,0.0,0.0,0.0,0.0,0.0
st_V1_j_point_amplitude_n_valid,0.0,0.0,0.0,0.0,0.0
morph_V2_t_polarity_mean,0.0,0.0,0.0,0.0,0.0
morph_V2_t_polarity_median,0.0,0.0,0.0,0.0,0.0
morph_V2_t_polarity_std,0.0,0.0,0.0,0.0,0.0
morph_V2_t_polarity_min,0.0,0.0,0.0,0.0,0.0
st_V1_high_takeoff_gt_1mm_min,0.0,0.0,0.0,0.0,0.0
