feature,native_importance_mean,native_importance_std
morph_V1_t_amplitude_std,2.5157707634013264,1.18035401383221
morph_V3_t_amplitude_min,1.850630881083641,1.0583311685665464
st_V2_st_curvature_sign_mean,1.8177710335914163,1.131989538753385
morph_V2_trough_depth_between_humps_min,1.7767315697315205,0.6135653907810258
st_V3_st_area_above_baseline_n_valid,1.5967319423186341,1.57711853862902
st_V2_st_convexity_max,1.5492794543153692,1.0462321162272796
st_V1_st_slope_j20_j80_min,1.4160099733151987,1.2862092286038056
morph_V3_t_amplitude_n_valid,1.3442509732617078,0.6316136647181546
morph_V1_t_amplitude_n_valid,1.3422273207696596,0.7396538101074197
st_V1_st_curvature_sign_n_valid,1.3049939506147692,0.9456058018994801
morph_V2_saddleback_score_max,1.259083935431847,0.715393870475431
st_V1_st_curvature_sign_min,1.2454971091719265,0.6721793830134123
st_V3_st_area_above_baseline_std,1.0448251577123358,0.7234230877320872
morph_V2_t_inversion_indicator_n_valid,1.0117370546145195,0.8152833864170022
morph_V3_t_amplitude_mean,0.985693472838228,1.7342881994276587
st_V3_st_j40_j0_ratio_mean,0.9418107339483612,1.3544347977752984
st_V3_st_curvature_sign_mean,0.9359859433415657,1.0825477999028865
morph_V2_t_peak_value_max,0.934554204461661,1.1197118484405753
st_V1_st_j40_median,0.9317688427642375,1.1737011309557805
st_V1_st_j80_j0_ratio_max,0.8637404809109119,1.2939535577553436
st_V2_st_convexity_mean,0.8466299866521988,1.1938814334359398
st_V1_st_j20_median,0.8355802063728921,1.1599779617162425
morph_V1_second_hump_present_std,0.831222190383135,0.5823415972667306
st_V2_high_takeoff_gt_1mm_mean,0.8296259478950514,1.1801543942341237
morph_V3_second_hump_present_min,0.768434563404602,0.9778634621456622
st_V2_st_convexity_min,0.7599465661871163,0.6409846556805425
morph_V1_second_hump_present_n_valid,0.7584301254178315,0.676514292836533
st_V1_st_j20_mean,0.7147502998515791,1.0343990294130745
morph_V1_t_amplitude_median,0.6945387573085836,0.7153331550117012
morph_V3_t_amplitude_std,0.6914242077425036,0.7233752628765249
st_V3_st_slope_j20_j80_min,0.6891867086089115,0.2795238707099225
sq_V4_snr_proxy,0.6888806295673577,0.305197710277937
st_V1_st_slope_j0_j40_min,0.6813497284442568,0.9254734728896062
st_V2_st_j20_max,0.6813488272854732,0.565107823031163
sq_II_noise_energy,0.668304599187019,0.4997422493724087
morph_V2_trough_depth_between_humps_n_valid,0.6657705597817882,0.8298224610981172
st_V1_s_amplitude_mean,0.6580168183754321,0.558036750070515
morph_V1_trough_depth_between_humps_n_valid,0.6514816645935181,0.30589872760737696
st_V3_st_area_above_baseline_max,0.6325404191489401,0.6858825895313627
sq_V4_noise_energy,0.6284462161567652,0.7003698279744459
st_V1_st_curvature_sign_std,0.6131031980023767,1.332404455211012
sq_V5_snr_proxy,0.595726813439892,0.1161050349476151
morph_V1_saddleback_score_mean,0.5938063533706962,1.2468751640869944
sq_III_snr_proxy,0.5792854932002632,0.3431560235615643
morph_V1_high_takeoff_gt_2mm_max,0.5593948162451304,0.7396392303063353
st_V2_st_j60_mean,0.5545082404493836,0.45274867379311073
morph_V3_saddleback_score_max,0.5491972606436898,0.40139069867469146
st_V1_st_j80_mean,0.5439111082502313,0.5128875726625284
st_V1_st_slope_j0_j40_std,0.5318291099294012,0.48833535821433466
st_V3_st_j20_min,0.5287671917234404,0.674220373510208
morph_V2_t_peak_value_std,0.5199215281019223,0.6549004305049251
st_V2_st_convexity_median,0.5157179397761892,0.5124204296777113
st_V1_st_j40_mean,0.513911523398803,0.857718750980165
st_V1_st_j80_median,0.5058870226657832,0.5184640836780021
st_V3_st_j40_n_valid,0.5033144289009079,0.6984950223250511
morph_V3_t_mean_max,0.49635812097869836,0.3247964583275083
st_V2_st_curvature_sign_min,0.49089207225225345,0.6239472840434879
sq_I_snr_proxy,0.48903614389359007,0.8237092964019193
morph_V2_high_takeoff_gt_1mm_mean,0.48581624569727333,0.5486378329976015
morph_V1_covedness_score_min,0.4832717331812811,0.5389418381209083
sq_V5_noise_energy,0.4820412312582668,0.41238549124733065
st_V1_st_j80_j0_ratio_std,0.48162092939441364,0.546181990829766
st_V1_st_slope_j0_j40_max,0.46799618074597643,0.5450551941551482
sq_II_max,0.46577344193209386,0.3254220858713145
st_V1_st_curvature_sign_mean,0.4638988084418526,0.13445404126404095
st_V2_j_point_amplitude_max,0.4583253958272384,0.27537084463934086
st_V2_st_convexity_std,0.455089055064804,0.9165329598373306
st_V2_s_amplitude_mean,0.44689264307615534,0.9097101061437908
morph_V1_t_amplitude_max,0.4301175274605831,0.6064765438098344
morph_V2_t_amplitude_std,0.42719719728851757,0.316420029491572
sq_aVF_rms,0.42220297455881173,0.5630216371341984
sq_V2_max,0.4189840277683266,0.23055935245381004
st_V3_st_j80_std,0.4152783709208223,0.808937393367152
morph_V3_high_takeoff_gt_2mm_std,0.40445408518859355,0.23287772650469604
morph_V2_t_peak_value_n_valid,0.39913012168231216,0.4613170594333338
morph_V1_high_takeoff_gt_2mm_median,0.3939243377194036,0.6307863756568997
morph_V2_saddleback_score_std,0.387571223080318,0.15709418035947856
st_V3_st_j40_std,0.38085328423359394,0.5309026334877665
st_V3_rs_ratio_n_valid,0.3804141306666581,0.3933255420738982
morph_V3_high_takeoff_gt_2mm_n_valid,0.378946233211107,0.45146858626640335
rr_std_ms,0.37432796012092845,0.4418619727860437
sq_aVF_snr_proxy,0.36563167024509247,0.29753226164378554
sq_aVF_mean,0.359171466332485,0.4963757553433095
sq_V1_min,0.3537277285626242,0.45638486317919713
st_V2_st_j40_min,0.35310214259922945,0.2860381828122591
st_V1_st_area_above_baseline_n_valid,0.35253144213544213,0.22514753722423128
morph_V3_trough_depth_between_humps_max,0.35235600344913887,0.3745897952150681
morph_V1_second_hump_present_mean,0.35015857665283245,0.4808269902005726
morph_V1_high_takeoff_gt_2mm_std,0.3382826727129159,0.20988800007395797
st_V1_st_j40_max,0.3366365906308874,0.5757330790297442
sq_V4_rms,0.33189842370312556,0.3134337974372435
morph_V1_t_polarity_min,0.3317871526488666,0.3990092614606631
sq_aVR_noise_energy,0.3285176590820201,0.734587817516498
sq_V4_mean,0.32611632873150753,0.3486729640452853
st_V3_st_j20_n_valid,0.3260305231887671,0.16322518972940545
sq_V6_max,0.3232367688008623,0.48663057148541927
morph_V3_t_mean_mean,0.3174891899518597,0.4291578484565926
st_V2_j_point_amplitude_std,0.3154626169569172,0.4866435312106998
morph_V2_second_hump_amplitude_mean,0.3124222336958441,0.3401097816969816
morph_V1_t_polarity_std,0.30598571904884436,0.28907193725498465
st_V2_st_monotonicity_mean,0.30326888169607946,0.5995155663632482
morph_V3_trough_depth_between_humps_n_valid,0.30049591290399214,0.5316448562600383
st_V2_j_point_confidence_median,0.30038997382261295,0.29260325179520275
morph_V2_t_peak_value_median,0.29532091241642117,0.44947262353556516
sq_aVL_std,0.2947428111236413,0.35668316486680507
morph_V3_high_takeoff_gt_2mm_min,0.2910735750648709,0.20661427283563452
sq_V6_noise_energy,0.2895399010464744,0.33565489791675324
sq_III_noise_energy,0.2879484411647343,0.5218091771038671
sq_I_noise_energy,0.2846189481149686,0.3979003840762475
sq_III_max,0.2805972808428046,0.6060673730077968
st_V1_r_amplitude_std,0.28005184250439513,0.5262364069417985
st_V2_st_curvature_sign_std,0.2791771310936712,0.28598973908933745
cl_max_st_j40_v1v3,0.27331131930180586,0.1594641950476338
morph_V3_t_mean_std,0.2731840555493813,0.25224976107002867
st_V2_j_point_confidence_std,0.2721492613495821,0.37330881668878413
st_V2_j_point_amplitude_min,0.26813819614241957,0.2652792331550814
st_V1_st_j20_max,0.26781805023432514,0.2915136530163918
morph_V2_high_takeoff_gt_2mm_max,0.26400125280410913,0.5405016921870844
st_V1_r_amplitude_min,0.2636923787598052,0.5896340840555462
st_V1_s_amplitude_std,0.2634943154629755,0.3119443462519561
morph_V3_second_hump_present_std,0.2627717656831373,0.4953884019371533
st_V2_st_j60_median,0.2601903879687339,0.42975989205305976
st_V1_high_takeoff_gt_1mm_max,0.2546653387107112,0.3820737971346886
sq_III_min,0.25453307932178604,0.30352493304533956
morph_V2_high_takeoff_gt_2mm_min,0.24462390758407052,0.3812342739159402
morph_V2_t_inversion_indicator_max,0.2420289012222149,0.3003375662330627
sq_aVF_noise_energy,0.23865637875128387,0.20980992963905046
morph_V2_high_takeoff_gt_2mm_n_valid,0.23735054333972486,0.5307319494041347
st_V1_r_amplitude_n_valid,0.236806782354981,0.5295160628787352
morph_V2_t_inversion_indicator_min,0.2320571174408152,0.5188954892603148
morph_V1_high_takeoff_gt_1mm_min,0.2302164823446205,0.36229876144763873
morph_V2_saddleback_score_min,0.22821592030125143,0.32046105683316745
sq_aVF_std,0.22347816847292368,0.2650195960701338
morph_V1_high_takeoff_gt_2mm_min,0.22227896676565367,0.2206344210640736
morph_V3_trough_depth_between_humps_std,0.2213701470358068,0.4949986969611876
morph_V2_t_mean_min,0.21783290037137754,0.3025785685368749
st_V3_st_j80_median,0.21685089621744152,0.32987948097493824
st_V2_j_point_confidence_max,0.21493746187563625,0.2583915789633627
sq_aVL_noise_energy,0.21169152514557776,0.23999198256731658
morph_V3_high_takeoff_gt_1mm_median,0.21076634710218775,0.4712878794898076
st_V2_st_slope_j0_j40_max,0.20828540579915505,0.21684462356864154
st_V2_s_amplitude_min,0.20616558465478124,0.24488323547427224
st_V2_st_j20_std,0.20566809841433228,0.3222436091696696
sq_aVL_range,0.20502002820508247,0.3334518933603931
st_V1_j_point_confidence_n_valid,0.20458628993046818,0.3045498310177094
st_V1_j_point_confidence_median,0.20424246445384608,0.4567000344108843
st_V2_high_takeoff_gt_2mm_std,0.20332721543136056,0.30333930439585066
st_V1_st_slope_j0_j40_mean,0.20074203451551065,0.20389750879506158
sq_I_mean,0.19892193102166286,0.2076542504652232
st_V1_j_point_confidence_max,0.19821965546130346,0.2773098485304446
sq_aVL_max,0.196446078951179,0.22168673822114224
st_V3_st_j40_max,0.1960147129672112,0.43830222278479375
morph_V1_trough_depth_between_humps_min,0.19458569377869384,0.26810746539509916
morph_V2_saddleback_score_mean,0.19285085227355467,0.19984128587640462
st_V1_st_slope_j20_j80_std,0.19162950904387183,0.2514717279994905
sq_V4_baseline_drift,0.19099121796046434,0.14151264004920378
sq_II_range,0.19008402989772183,0.30063607248800567
sq_II_snr_proxy,0.18770592406733716,0.3084602876516907
st_V2_st_area_above_baseline_max,0.1849665173301855,0.22738791844922476
morph_V3_t_peak_value_std,0.17305364071106483,0.15985052702203542
st_V3_r_amplitude_n_valid,0.17090054331722665,0.2419049034216467
sq_V2_min,0.16914049613505303,0.37820964710601895
morph_V1_covedness_score_n_valid,0.1687400269701676,0.3773141708304426
st_V3_st_curvature_sign_max,0.1655376942583311,0.2113763192428083
st_V1_st_j40_j0_ratio_n_valid,0.16522488240468783,0.27285267632308596
st_V2_st_j60_min,0.16448303236289524,0.3414278754183763
morph_V1_t_polarity_mean,0.16401655479901883,0.23088521272036902
st_V2_s_amplitude_n_valid,0.1639890989729928,0.36669077287255286
cl_mean_st_j40_v1v3,0.16394573007204122,0.17931992487464266
sq_I_baseline_drift,0.16364411725035075,0.11562131636229543
morph_V3_t_polarity_n_valid,0.1619219160303444,0.2793850616082039
morph_V2_high_takeoff_gt_1mm_median,0.15879592688320382,0.3550784870609301
morph_V3_second_hump_present_mean,0.15877902523032378,0.19271769041923129
st_V3_st_area_above_baseline_median,0.15804846605009723,0.35340711382758505
st_V1_high_takeoff_gt_2mm_mean,0.15731383815340416,0.3084749452861668
morph_V3_t_polarity_std,0.1573003545764584,0.179923070044805
st_V2_st_j20_min,0.15381101603237599,0.2851358436995853
st_V3_st_j20_mean,0.15224420913617392,0.2174639807683995
st_V1_high_takeoff_gt_2mm_median,0.15008471899567172,0.214217963574392
sq_V1_mean,0.14745821087858593,0.2019492080410334
sq_V6_min,0.14706434143963273,0.18862750819056096
st_V3_st_j20_max,0.1469938491768063,0.3286882390336904
st_V2_high_takeoff_gt_1mm_min,0.14691625126124355,0.32851472481957983
st_V3_rs_ratio_max,0.146895262735459,0.32846779304917806
rr_cv,0.14621772469250138,0.13745607643095423
morph_V2_t_mean_std,0.14452016734373477,0.32315691830023613
st_V3_st_j60_std,0.1435828194040117,0.32106094458844603
st_V3_j_point_amplitude_mean,0.1431594462630545,0.20472499396994537
sq_V5_min,0.14262658475117054,0.261328592725237
morph_V1_t_peak_value_median,0.14228305272611258,0.28368413076636545
morph_V1_covedness_score_max,0.14209171850072938,0.2132776076995531
morph_V1_t_mean_median,0.1409649537004612,0.21609800803602866
morph_V1_high_takeoff_gt_2mm_n_valid,0.13627875900583125,0.20162161435840012
st_V2_st_slope_j0_j40_mean,0.13461054892217356,0.2344403980263824
st_V3_st_slope_j20_j80_median,0.13287872677719192,0.20505829144170903
morph_V1_saddleback_score_median,0.13253231103830723,0.20011781230269224
morph_V3_t_peak_value_max,0.13215012545780652,0.15312824710746223
st_V2_rs_ratio_std,0.13012095126074072,0.19542341673292812
st_V3_rs_ratio_mean,0.12982802080067563,0.29030427989456736
st_V2_st_j80_j0_ratio_median,0.12887949977662055,0.28818332240669253
st_V1_st_convexity_mean,0.12797046078923616,0.1753954170949264
st_V2_st_j80_j0_ratio_std,0.12748423992043717,0.21387947566512855
morph_V1_trough_depth_between_humps_std,0.1271335795468793,0.16835286952337827
morph_V1_saddleback_score_std,0.12520173759147096,0.17317132334251822
sq_aVR_range,0.12368862163892427,0.1804041729521006
morph_V2_second_hump_amplitude_min,0.12364650274231821,0.2764819853119377
st_V3_st_monotonicity_max,0.12346211204489577,0.16764823864705433
hr_estimate_bpm,0.12309243541044648,0.27524305309376057
sq_aVR_std,0.12288934160545315,0.09813828176878137
st_V1_st_monotonicity_min,0.12107362163030069,0.27072884824744126
st_V3_rs_ratio_std,0.12073279076238794,0.2699667272579581
sq_V2_std,0.12068970546154793,0.10443129269099771
morph_V3_t_amplitude_max,0.12033511900769786,0.16497286703252997
morph_V2_high_takeoff_gt_2mm_std,0.11873360069027813,0.21765119825360293
st_V1_st_j60_std,0.11769967794038158,0.1614529638202687
sq_V3_noise_energy,0.11749286148567731,0.2191540476053181
st_V2_j_point_confidence_min,0.11743160243085023,0.21985401168665475
sq_V1_snr_proxy,0.11717094978727398,0.23865722170655276
morph_V1_covedness_score_std,0.11671442782614168,0.2609813945742458
st_V2_st_slope_j0_j40_min,0.115048022979793,0.25725520005977504
morph_V2_t_amplitude_max,0.11463784395710448,0.2563380118820991
morph_V2_t_amplitude_n_valid,0.11407935711415655,0.20374035412680097
morph_V2_t_mean_n_valid,0.11259167973728104,0.11395333278844079
sq_II_rms,0.1125842949057236,0.2517461366080812
sq_V1_range,0.11030863090838468,0.18797461589549586
sq_V5_max,0.11003099584753269,0.20114571557555191
morph_V3_covedness_score_max,0.1098535118839237,0.20955650044008853
morph_V3_t_mean_n_valid,0.1074442747541458,0.15776638850719385
morph_V3_high_takeoff_gt_2mm_max,0.10719613757708335,0.15757133298605658
morph_V1_second_hump_present_min,0.10645816701884407,0.15812674611931987
st_V3_st_j80_min,0.10513716335859317,0.11440123672228295
st_V1_st_j60_median,0.1049480002177509,0.1772988489974362
st_V2_st_j40_n_valid,0.104893907800752,0.14611862713006077
morph_V2_t_amplitude_min,0.10383479482456229,0.23218165965746462
st_V2_j_point_confidence_n_valid,0.1038010616624939,0.16138522727240923
sq_V1_std,0.1034429894544118,0.1666926762364004
sq_III_rms,0.10342699070748514,0.1418570813056622
sq_I_rms,0.10168879861835185,0.22738306626092145
st_V1_high_takeoff_gt_1mm_mean,0.10168433985015579,0.139314907111139
sq_II_min,0.10051326783999712,0.15863785206856448
st_V1_st_j20_std,0.10017094395863155,0.22398904006182205
sq_V3_range,0.09937756314436426,0.22221498662907624
sq_V5_range,0.09885616319103877,0.14357599719618644
st_V1_st_j80_j0_ratio_min,0.09814032843782397,0.19040088179581888
st_V1_st_monotonicity_n_valid,0.09662466739326334,0.09700267784810158
sq_aVF_min,0.09469540354691422,0.14116062504610985
st_V1_st_area_above_baseline_std,0.09418552486365508,0.1203272056199837
st_V3_st_area_above_baseline_min,0.09204053211118943,0.0955322765734347
st_V1_rs_ratio_max,0.0899119792151604,0.13292715544262038
st_V3_st_j20_std,0.08887107930382346,0.12360542854312774
morph_V1_trough_depth_between_humps_median,0.08846885479238945,0.12293939127753212
morph_V1_high_takeoff_gt_1mm_max,0.08836974213929652,0.08735825066394226
sq_II_std,0.08684577967896545,0.15670315755064632
st_V3_st_monotonicity_min,0.08637515939515135,0.19314072797493803
st_V3_st_j60_n_valid,0.0857751656388241,0.19179910114971485
st_V2_st_area_above_baseline_min,0.08510087398204362,0.19029133916849275
sq_V3_snr_proxy,0.08488778195241856,0.16329446393147576
st_V1_st_j20_min,0.0843360104166219,0.13113213793725592
morph_V3_second_hump_amplitude_n_valid,0.08174627571804612,0.16626290954333006
morph_V3_t_inversion_indicator_median,0.08147349061078363,0.18218026336990306
sq_III_baseline_drift,0.08048652423218097,0.11031026463755006
st_V3_r_amplitude_min,0.07851630223839148,0.14521536300488283
rr_mean_ms,0.07835447701636893,0.1163658305883375
st_V1_r_amplitude_median,0.07801908841080256,0.12362548082984877
st_V2_r_amplitude_n_valid,0.0776960164681118,0.17373357440364112
sq_V2_baseline_drift,0.07676879839878402,0.17166025177065805
morph_V2_trough_depth_between_humps_std,0.076671935255285,0.11853579917757803
morph_V3_trough_depth_between_humps_median,0.0761127712428651,0.1701933304549375
st_V1_st_j40_j0_ratio_mean,0.07591041878388262,0.11155453252874914
st_V2_j_point_amplitude_n_valid,0.0757197566700116,0.11891240934646344
st_V3_st_convexity_mean,0.0756722294254186,0.11082188609210523
sq_II_mean,0.07535729516932815,0.11036256413461434
st_V1_j_point_amplitude_mean,0.07384867784156032,0.10358792285552387
morph_V1_second_hump_amplitude_max,0.07269415952256174,0.1625490822596617
st_V3_st_curvature_sign_min,0.07135127772540226,0.13071528332259968
morph_V1_high_takeoff_gt_1mm_mean,0.07060021655166823,0.1376655601399323
morph_V1_trough_depth_between_humps_max,0.06987622515369812,0.09628233912624538
st_V2_high_takeoff_gt_2mm_min,0.06832544051088126,0.15278032957494844
st_V2_r_amplitude_max,0.06781972859260132,0.07726853209795866
sq_I_range,0.06716777734181706,0.09239565015800341
st_V2_st_j80_j0_ratio_max,0.06712042568071125,0.15008583450079294
st_V2_st_j20_n_valid,0.0644752781845551,0.14417110488887444
st_V1_st_slope_j0_j40_median,0.06447192870028925,0.14416361521436644
morph_V2_t_mean_mean,0.06420570150940294,0.14356831311808582
st_V1_r_amplitude_mean,0.06384658787613534,0.09703690181161967
morph_V3_covedness_score_std,0.06226181721408027,0.08952912378505948
st_V2_st_j80_max,0.06224258011973875,0.13917864024271287
morph_V1_t_polarity_median,0.06220743168131097,0.13218782941778423
sq_V5_mean,0.06058925177304876,0.11866008870505146
morph_V2_t_peak_value_min,0.06039122687424855,0.08285947857859963
morph_V1_high_takeoff_gt_2mm_mean,0.059745694189794515,0.13359543357129477
morph_V1_t_peak_value_n_valid,0.0593323546395193,0.09041763386852496
sq_V6_snr_proxy,0.05885221737902917,0.13159755868610373
morph_V3_covedness_score_mean,0.05874674161806916,0.09444507223721323
morph_V2_t_amplitude_mean,0.05834935081195516,0.08000849009504489
st_V2_high_takeoff_gt_1mm_std,0.05750462866853993,0.1285842587237385
st_V3_st_curvature_sign_std,0.05726838891053283,0.12805601056584653
morph_V1_covedness_score_median,0.05722495533986858,0.10655603256559847
morph_V1_t_amplitude_min,0.05717370872540145,0.09906899186945094
morph_V2_high_takeoff_gt_1mm_std,0.05655050779127717,0.09707587141252993
sq_V5_std,0.05599253541834333,0.1252031154279803
sq_I_min,0.05526969143469003,0.12358678714340478
morph_V2_trough_depth_between_humps_max,0.05497147531875137,0.09892699651944184
st_V2_st_area_above_baseline_n_valid,0.05434701945230298,0.07520319135664183
morph_V3_t_inversion_indicator_n_valid,0.05431913648617458,0.12146128166217543
morph_V2_t_mean_max,0.053624240461997374,0.11990744691482086
st_V3_st_curvature_sign_median,0.05350818999512495,0.11964795018207354
st_V1_st_area_above_baseline_max,0.052717937221823566,0.08206260461859065
morph_V3_high_takeoff_gt_1mm_std,0.05075041456615716,0.10614377875652228
st_V3_j_point_amplitude_median,0.050113318149751465,0.11205678596091825
morph_V2_covedness_score_median,0.049935511529547574,0.11165919827129286
morph_V1_t_peak_value_std,0.0498629634908625,0.07269313979144126
st_V3_j_point_amplitude_std,0.049494360375872584,0.0705264753861801
morph_V1_high_takeoff_gt_1mm_std,0.04940841135584253,0.09600667662973922
st_V3_st_slope_j20_j80_n_valid,0.04909014962413468,0.07410964464027357
morph_V1_saddleback_score_min,0.049008933322850556,0.10958730641464849
st_V3_j_point_amplitude_min,0.04875379827380241,0.10901680710153411
sq_aVL_baseline_drift,0.04839582913037218,0.10821636376297672
sq_V2_snr_proxy,0.0471655513464952,0.10546537900702
st_V2_rs_ratio_n_valid,0.046651638636696975,0.10431623525341005
st_V2_st_j60_max,0.04660541402569053,0.10421287388096616
sq_aVL_rms,0.04610982388451855,0.07386366776126033
morph_V1_t_polarity_max,0.04576771971253691,0.10233973245238967
morph_V1_t_peak_value_min,0.04560634800778671,0.06665490852862681
st_V1_high_takeoff_gt_1mm_std,0.044809299248422155,0.08099786284051079
sq_aVR_min,0.04442709146468233,0.09934199655763039
st_V2_st_j60_std,0.04402202017044835,0.0984362296079894
st_V1_j_point_confidence_mean,0.04358925611726759,0.09411431734823172
sq_V5_baseline_drift,0.04340177516269388,0.09704931960794552
sq_V1_rms,0.04303151129801402,0.09622138443690956
morph_V3_t_amplitude_median,0.042746682100189407,0.09558448698859699
sq_V6_range,0.04232717497687782,0.09464644054382688
morph_V1_t_inversion_indicator_max,0.04075345517511328,0.09112749608954389
morph_V3_t_inversion_indicator_min,0.04049429168148312,0.06233959194644308
st_V1_high_takeoff_gt_2mm_std,0.04043990213305953,0.09042637017295985
morph_V3_t_inversion_indicator_std,0.03993052365148162,0.08928736526187601
sq_III_mean,0.0398103882936699,0.08901873443530775
morph_V2_t_mean_median,0.03902183940067229,0.0872554855069829
morph_V2_covedness_score_std,0.038265051872221574,0.08556325714884302
st_V2_j_point_confidence_mean,0.03813120719054605,0.0697522342461477
st_V3_s_amplitude_min,0.037806129046081854,0.0845370745131683
sq_V2_range,0.03774771950480591,0.08440646680834071
st_V1_st_j40_min,0.03768978079845987,0.08427691192242255
st_V1_s_amplitude_min,0.03597894823658032,0.08045137401593978
morph_V2_high_takeoff_gt_2mm_mean,0.0354981949871233,0.07937637706974995
morph_V3_second_hump_amplitude_std,0.03548450550816787,0.05140758671659859
st_V2_high_takeoff_gt_1mm_n_valid,0.03525292149681568,0.0788279288723435
sq_II_baseline_drift,0.03496976597037972,0.04888256180267778
morph_V2_covedness_score_min,0.034691069499443936,0.07757158961292625
st_V3_r_amplitude_max,0.0345913176613301,0.07734853772202313
st_V2_s_amplitude_std,0.03424992643431588,0.07658516373149729
st_V3_rs_ratio_median,0.0341077616025436,0.06550254288378192
morph_V3_covedness_score_median,0.0337713121411201,0.07551494963690851
st_V1_st_slope_j20_j80_max,0.033485132963631564,0.07487503354229917
morph_V2_saddleback_score_median,0.032620816684713685,0.05939571248281724
sq_V4_range,0.03257150393986309,0.0728320969389361
morph_V3_t_polarity_min,0.032567074118533525,0.044602701838573774
sq_III_std,0.03202983631280885,0.07162089130363179
sq_V3_max,0.031771809291989486,0.07104392534504796
st_V2_r_amplitude_mean,0.0316994206556928,0.04378517831008583
morph_V2_covedness_score_mean,0.03093146779616323,0.0691648646360666
st_V1_st_j40_j0_ratio_std,0.030925526566045365,0.06915157964165308
st_V2_st_slope_j0_j40_std,0.02968228234214838,0.06637160104438546
morph_V3_t_polarity_mean,0.029055965312848347,0.06497111359140485
st_V3_st_j40_j0_ratio_median,0.0287730665479475,0.06433853272233582
morph_V3_t_mean_median,0.028137197891803033,0.06291668718243536
st_V2_high_takeoff_gt_1mm_max,0.0277730858371671,0.06210250787684229
st_V3_st_area_above_baseline_mean,0.02728608654812096,0.06095591572152327
st_V2_st_monotonicity_std,0.027246561920613394,0.03731554484510961
st_V2_st_j40_max,0.02718418555561373,0.0607856868153202
sq_aVR_rms,0.027132733671924574,0.06067063690582083
st_V1_st_curvature_sign_max,0.027032398462259355,0.0604462805564727
st_V3_rs_ratio_min,0.026587490022754633,0.059451435041976794
st_V1_j_point_amplitude_median,0.026428116635369557,0.05909506531397935
sq_V1_baseline_drift,0.0257031525595093,0.057473996359110505
sq_aVR_baseline_drift,0.024635826372071203,0.055087382449833244
sq_aVL_min,0.024424859750023765,0.05461564674195166
morph_V3_trough_depth_between_humps_min,0.02430865735775444,0.05435581029368936
st_V3_st_monotonicity_std,0.02426037825891499,0.05424785494679191
morph_V3_second_hump_present_max,0.024101792367473385,0.053893246113256084
morph_V3_t_peak_value_min,0.023247607026309788,0.03590317711090758
morph_V1_t_peak_value_mean,0.02316345063938189,0.05179505022311888
st_V3_j_point_amplitude_max,0.02223317710469885,0.04971489536189859
morph_V3_t_polarity_median,0.02129416678133687,0.047615204447287146
st_V2_s_amplitude_max,0.021175915364780425,0.04351099333744802
st_V1_st_monotonicity_mean,0.020725750676767747,0.046344187397964955
st_V1_st_monotonicity_median,0.020071289055188103,0.04488076672344812
morph_V3_second_hump_amplitude_max,0.019953375681755803,0.04461710440499718
morph_V1_high_takeoff_gt_1mm_median,0.019779673626508155,0.044228694801632024
st_V1_s_amplitude_median,0.01956613884242969,0.04375121650887183
st_V1_high_takeoff_gt_2mm_n_valid,0.019274402853719865,0.04309887500663356
morph_V1_covedness_score_mean,0.018422931266745685,0.041194926657249664
st_V1_st_j60_mean,0.017587001724522003,0.03932573137643723
st_V1_st_j60_max,0.01675476909497311,0.0374648026436725
st_V1_st_j40_j0_ratio_median,0.016742148433989638,0.03743658198779248
st_V2_st_monotonicity_median,0.016294502191119824,0.023506505052536215
st_V3_r_amplitude_mean,0.015799175067590588,0.03532802943955239
st_V3_st_j80_max,0.014962282261705512,0.03345668023571283
st_V3_st_j40_j0_ratio_min,0.014560974904495344,0.0325593297051201
morph_V1_second_hump_present_max,0.01408208271378208,0.03148849421279144
sq_V5_rms,0.014052880847632085,0.03142319685501021
sq_aVF_max,0.013748013679656857,0.030741493143309748
st_V3_st_j20_median,0.01351182835329394,0.03021336669827429
st_V3_st_j40_min,0.012704996827374387,0.017556639792988042
st_V1_st_area_above_baseline_median,0.012124568407586519,0.027111359157209833
morph_V3_second_hump_amplitude_min,0.01209939646742874,0.02705507298789148
morph_V3_high_takeoff_gt_2mm_mean,0.011189050933846357,0.02501947849178796
st_V1_st_j60_min,0.010212035300196761,0.022834805119867428
morph_V3_t_polarity_max,0.010103758579711181,0.022592691012480928
morph_V2_high_takeoff_gt_2mm_median,0.009539257856179206,0.021330429021315617
morph_V2_second_hump_amplitude_median,0.009508061552865526,0.02126067196645953
st_V2_st_j20_mean,0.009182676506180225,0.02053308888320925
sq_I_std,0.008101290816321913,0.018115036970790564
st_V2_st_j40_std,0.007234428667021234,0.01617667427783267
st_V1_st_slope_j20_j80_mean,0.006790252566024639,0.015183466322023472
st_V2_st_curvature_sign_median,0.006246638181957709,0.013967907605703139
st_V2_st_slope_j20_j80_median,0.006059919321077252,0.01355039154009311
st_V1_st_slope_j20_j80_median,0.0058982525780568945,0.013188893712998601
st_V1_st_j60_n_valid,0.005385543268352453,0.012042440843802476
st_V2_st_j40_j0_ratio_mean,0.005239127783470597,0.011715045866648054
st_V2_st_j40_median,0.0028177837000714864,0.006300755899250722
st_V3_st_convexity_median,0.0026317897513928983,0.005884860786601792
st_V1_st_slope_j0_j40_n_valid,0.0023345473035752727,0.0052202064674831475
sq_aVR_max,0.001601383361659154,0.0035808020547069986
morph_V2_second_hump_amplitude_n_valid,0.0013962410127858764,0.0031220898175623726
morph_V3_saddleback_score_median,0.0006015841502531129,0.0013451830541524076
st_V2_st_slope_j20_j80_min,0.0003506108352609645,0.000783989661291497
st_V1_st_convexity_n_valid,0.00027929011236773303,0.0006245116766978058
st_V2_st_area_above_baseline_median,0.00021907746291983777,0.0004898720994269468
st_V1_st_curvature_sign_median,0.00018285499664197685,0.000408876202516956
st_V3_st_slope_j0_j40_min,0.0,0.0
st_V3_st_slope_j0_j40_n_valid,0.0,0.0
st_V3_st_j60_median,0.0,0.0
st_V3_st_j60_min,0.0,0.0
morph_V1_saddleback_score_max,0.0,0.0
st_V1_st_area_above_baseline_mean,0.0,0.0
st_V1_st_area_above_baseline_min,0.0,0.0
st_V1_st_convexity_max,0.0,0.0
st_V1_st_convexity_median,0.0,0.0
st_V1_st_convexity_min,0.0,0.0
st_V1_st_convexity_std,0.0,0.0
st_V3_st_convexity_min,0.0,0.0
st_V1_st_j20_n_valid,0.0,0.0
st_V1_st_j40_j0_ratio_max,0.0,0.0
st_V1_st_j40_j0_ratio_min,0.0,0.0
morph_V2_saddleback_score_n_valid,0.0,0.0
morph_V2_second_hump_amplitude_max,0.0,0.0
morph_V2_t_inversion_indicator_median,0.0,0.0
morph_V2_t_inversion_indicator_std,0.0,0.0
st_V1_j_point_confidence_std,0.0,0.0
st_V1_r_amplitude_max,0.0,0.0
st_V1_rs_ratio_mean,0.0,0.0
st_V1_rs_ratio_median,0.0,0.0
st_V1_rs_ratio_min,0.0,0.0
st_V1_rs_ratio_n_valid,0.0,0.0
st_V1_rs_ratio_std,0.0,0.0
st_V1_s_amplitude_max,0.0,0.0
st_V1_s_amplitude_n_valid,0.0,0.0
morph_V2_second_hump_amplitude_std,0.0,0.0
morph_V2_second_hump_present_max,0.0,0.0
morph_V2_second_hump_present_mean,0.0,0.0
morph_V2_second_hump_present_median,0.0,0.0
morph_V2_second_hump_present_min,0.0,0.0
morph_V2_second_hump_present_n_valid,0.0,0.0
morph_V2_second_hump_present_std,0.0,0.0
st_V1_st_j40_n_valid,0.0,0.0
st_V1_st_j40_std,0.0,0.0
st_V1_st_j80_j0_ratio_mean,0.0,0.0
st_V1_st_j80_j0_ratio_median,0.0,0.0
st_V1_st_j80_j0_ratio_n_valid,0.0,0.0
st_V1_st_j80_max,0.0,0.0
st_V1_st_j80_min,0.0,0.0
st_V1_st_j80_n_valid,0.0,0.0
st_V1_st_j80_std,0.0,0.0
st_V1_st_monotonicity_max,0.0,0.0
st_V1_st_monotonicity_std,0.0,0.0
morph_V2_high_takeoff_gt_1mm_max,0.0,0.0
morph_V2_high_takeoff_gt_1mm_min,0.0,0.0
morph_V2_high_takeoff_gt_1mm_n_valid,0.0,0.0
sq_V2_rms,0.0,0.0
sq_V3_baseline_drift,0.0,0.0
sq_V3_mean,0.0,0.0
sq_V3_min,0.0,0.0
morph_V3_covedness_score_min,0.0,0.0
morph_V3_covedness_score_n_valid,0.0,0.0
morph_V3_high_takeoff_gt_1mm_max,0.0,0.0
morph_V3_high_takeoff_gt_1mm_mean,0.0,0.0
morph_V3_high_takeoff_gt_1mm_min,0.0,0.0
st_V1_j_point_amplitude_std,0.0,0.0
st_V1_j_point_confidence_min,0.0,0.0
morph_V3_high_takeoff_gt_1mm_n_valid,0.0,0.0
sq_V3_rms,0.0,0.0
sq_V3_std,0.0,0.0
sq_V4_max,0.0,0.0
sq_V4_min,0.0,0.0
sq_V4_std,0.0,0.0
morph_V2_t_amplitude_median,0.0,0.0
morph_V2_t_inversion_indicator_mean,0.0,0.0
st_V1_st_slope_j20_j80_n_valid,0.0,0.0
st_V2_high_takeoff_gt_1mm_median,0.0,0.0
st_V2_high_takeoff_gt_2mm_max,0.0,0.0
st_V2_high_takeoff_gt_2mm_mean,0.0,0.0
st_V2_high_takeoff_gt_2mm_median,0.0,0.0
st_V2_high_takeoff_gt_2mm_n_valid,0.0,0.0
st_V2_j_point_amplitude_mean,0.0,0.0
st_V2_j_point_amplitude_median,0.0,0.0
morph_V1_t_polarity_n_valid,0.0,0.0
morph_V1_trough_depth_between_humps_mean,0.0,0.0
morph_V2_covedness_score_max,0.0,0.0
morph_V2_covedness_score_n_valid,0.0,0.0
st_V2_r_amplitude_median,0.0,0.0
st_V2_r_amplitude_min,0.0,0.0
st_V2_r_amplitude_std,0.0,0.0
st_V2_rs_ratio_max,0.0,0.0
st_V2_rs_ratio_mean,0.0,0.0
st_V2_rs_ratio_median,0.0,0.0
st_V2_rs_ratio_min,0.0,0.0
sq_aVR_mean,0.0,0.0
sq_aVR_snr_proxy,0.0,0.0
st_V1_high_takeoff_gt_1mm_median,0.0,0.0
st_V1_high_takeoff_gt_1mm_min,0.0,0.0
st_V1_high_takeoff_gt_1mm_n_valid,0.0,0.0
st_V1_high_takeoff_gt_2mm_max,0.0,0.0
st_V1_high_takeoff_gt_2mm_min,0.0,0.0
st_V1_j_point_amplitude_max,0.0,0.0
st_V1_j_point_amplitude_min,0.0,0.0
st_V1_j_point_amplitude_n_valid,0.0,0.0
st_V2_s_amplitude_median,0.0,0.0
st_V2_st_area_above_baseline_mean,0.0,0.0
sq_I_max,0.0,0.0
sq_V1_max,0.0,0.0
sq_V1_noise_energy,0.0,0.0
sq_V2_mean,0.0,0.0
sq_V2_noise_energy,0.0,0.0
st_V2_st_area_above_baseline_std,0.0,0.0
sq_aVL_snr_proxy,0.0,0.0
morph_V1_second_hump_amplitude_median,0.0,0.0
morph_V3_trough_depth_between_humps_mean,0.0,0.0
st_V3_st_monotonicity_mean,0.0,0.0
morph_V3_high_takeoff_gt_2mm_median,0.0,0.0
morph_V3_saddleback_score_mean,0.0,0.0
st_V3_s_amplitude_n_valid,0.0,0.0
morph_V3_saddleback_score_min,0.0,0.0
morph_V3_saddleback_score_n_valid,0.0,0.0
morph_V3_saddleback_score_std,0.0,0.0
st_V2_st_convexity_n_valid,0.0,0.0
st_V2_st_curvature_sign_max,0.0,0.0
st_V3_st_j80_j0_ratio_n_valid,0.0,0.0
st_V2_st_curvature_sign_n_valid,0.0,0.0
st_V3_st_j80_j0_ratio_std,0.0,0.0
st_V2_st_j20_median,0.0,0.0
morph_V3_t_inversion_indicator_mean,0.0,0.0
morph_V3_t_mean_min,0.0,0.0
morph_V3_t_peak_value_mean,0.0,0.0
morph_V3_t_peak_value_median,0.0,0.0
morph_V3_t_peak_value_n_valid,0.0,0.0
st_V3_st_j80_mean,0.0,0.0
st_V2_st_j40_j0_ratio_max,0.0,0.0
st_V3_st_j80_n_valid,0.0,0.0
morph_V1_t_inversion_indicator_min,0.0,0.0
morph_V1_t_inversion_indicator_n_valid,0.0,0.0
morph_V1_t_inversion_indicator_std,0.0,0.0
morph_V1_t_mean_max,0.0,0.0
morph_V1_t_mean_mean,0.0,0.0
morph_V1_t_mean_min,0.0,0.0
morph_V1_t_mean_n_valid,0.0,0.0
morph_V1_t_mean_std,0.0,0.0
morph_V1_t_peak_value_max,0.0,0.0
st_V2_st_j40_j0_ratio_median,0.0,0.0
st_V2_st_j40_j0_ratio_min,0.0,0.0
st_V2_st_j40_j0_ratio_n_valid,0.0,0.0
st_V2_st_j40_j0_ratio_std,0.0,0.0
st_V2_st_j40_mean,0.0,0.0
morph_V3_second_hump_amplitude_mean,0.0,0.0
morph_V3_second_hump_amplitude_median,0.0,0.0
st_V2_st_j60_n_valid,0.0,0.0
st_V2_st_j80_j0_ratio_mean,0.0,0.0
st_V2_st_j80_j0_ratio_min,0.0,0.0
st_V2_st_j80_j0_ratio_n_valid,0.0,0.0
st_V2_st_j80_mean,0.0,0.0
st_V2_st_j80_median,0.0,0.0
st_V2_st_j80_min,0.0,0.0
st_V2_st_j80_n_valid,0.0,0.0
st_V2_st_j80_std,0.0,0.0
st_V2_st_monotonicity_max,0.0,0.0
st_V2_st_monotonicity_min,0.0,0.0
st_V2_st_monotonicity_n_valid,0.0,0.0
st_V2_st_slope_j0_j40_median,0.0,0.0
st_V2_st_slope_j0_j40_n_valid,0.0,0.0
st_V2_st_slope_j20_j80_max,0.0,0.0
st_V2_st_slope_j20_j80_mean,0.0,0.0
sq_III_range,0.0,0.0
st_V3_st_convexity_n_valid,0.0,0.0
st_V2_st_slope_j20_j80_n_valid,0.0,0.0
st_V2_st_slope_j20_j80_std,0.0,0.0
st_V3_high_takeoff_gt_1mm_max,0.0,0.0
st_V3_high_takeoff_gt_1mm_mean,0.0,0.0
st_V3_high_takeoff_gt_1mm_median,0.0,0.0
st_V3_high_takeoff_gt_1mm_min,0.0,0.0
st_V3_high_takeoff_gt_1mm_n_valid,0.0,0.0
st_V3_high_takeoff_gt_1mm_std,0.0,0.0
st_V3_high_takeoff_gt_2mm_max,0.0,0.0
st_V3_high_takeoff_gt_2mm_mean,0.0,0.0
st_V3_high_takeoff_gt_2mm_median,0.0,0.0
st_V3_high_takeoff_gt_2mm_min,0.0,0.0
st_V3_high_takeoff_gt_2mm_n_valid,0.0,0.0
st_V3_high_takeoff_gt_2mm_std,0.0,0.0
sq_V6_std,0.0,0.0
sq_aVF_baseline_drift,0.0,0.0
morph_V2_t_peak_value_mean,0.0,0.0
morph_V2_t_polarity_max,0.0,0.0
morph_V2_t_polarity_mean,0.0,0.0
morph_V2_t_polarity_median,0.0,0.0
morph_V2_t_polarity_min,0.0,0.0
morph_V2_t_polarity_n_valid,0.0,0.0
morph_V2_t_polarity_std,0.0,0.0
morph_V2_trough_depth_between_humps_mean,0.0,0.0
morph_V2_trough_depth_between_humps_median,0.0,0.0
st_V3_st_convexity_std,0.0,0.0
sq_aVF_range,0.0,0.0
sq_aVL_mean,0.0,0.0
st_V3_j_point_amplitude_n_valid,0.0,0.0
st_V3_j_point_confidence_max,0.0,0.0
st_V3_j_point_confidence_mean,0.0,0.0
st_V3_j_point_confidence_median,0.0,0.0
st_V3_j_point_confidence_min,0.0,0.0
st_V3_j_point_confidence_n_valid,0.0,0.0
st_V3_j_point_confidence_std,0.0,0.0
morph_V1_saddleback_score_n_valid,0.0,0.0
st_V3_r_amplitude_median,0.0,0.0
st_V3_r_amplitude_std,0.0,0.0
morph_V1_second_hump_amplitude_std,0.0,0.0
morph_V1_high_takeoff_gt_1mm_n_valid,0.0,0.0
morph_V1_second_hump_present_median,0.0,0.0
morph_V1_t_amplitude_mean,0.0,0.0
morph_V1_t_inversion_indicator_mean,0.0,0.0
morph_V1_t_inversion_indicator_median,0.0,0.0
st_V3_s_amplitude_max,0.0,0.0
st_V3_s_amplitude_mean,0.0,0.0
st_V3_s_amplitude_median,0.0,0.0
st_V3_st_monotonicity_median,0.0,0.0
morph_V1_second_hump_amplitude_min,0.0,0.0
morph_V1_second_hump_amplitude_n_valid,0.0,0.0
st_V3_st_j80_j0_ratio_max,0.0,0.0
st_V3_st_j80_j0_ratio_mean,0.0,0.0
st_V3_st_j80_j0_ratio_median,0.0,0.0
st_V3_st_j80_j0_ratio_min,0.0,0.0
st_V3_st_slope_j0_j40_std,0.0,0.0
st_V3_st_slope_j20_j80_max,0.0,0.0
st_V3_st_slope_j20_j80_mean,0.0,0.0
st_V3_st_curvature_sign_n_valid,0.0,0.0
morph_V1_second_hump_amplitude_mean,0.0,0.0
st_V3_st_j40_j0_ratio_max,0.0,0.0
st_V3_st_monotonicity_n_valid,0.0,0.0
st_V3_st_j40_j0_ratio_n_valid,0.0,0.0
st_V3_st_slope_j0_j40_mean,0.0,0.0
st_V3_st_slope_j0_j40_max,0.0,0.0
st_V3_s_amplitude_std,0.0,0.0
st_V3_st_convexity_max,0.0,0.0
st_V3_st_slope_j20_j80_std,0.0,0.0
morph_V3_second_hump_present_median,0.0,0.0
morph_V3_second_hump_present_n_valid,0.0,0.0
morph_V3_t_inversion_indicator_max,0.0,0.0
st_V3_st_j40_mean,0.0,0.0
st_V3_st_j40_median,0.0,0.0
st_V3_st_slope_j0_j40_median,0.0,0.0
st_V3_st_j60_max,0.0,0.0
st_V3_st_j60_mean,0.0,0.0
sq_V6_baseline_drift,0.0,0.0
sq_V6_mean,0.0,0.0
sq_V6_rms,0.0,0.0
st_V3_st_j40_j0_ratio_std,0.0,0.0
