feature,perm_importance_mean,perm_importance_std_within,perm_importance_fold_std,perm_importance_min,perm_importance_max,perm_stable
st_V1_st_slope_j20_j80_min,0.0032089635007057963,0.003753016241006243,0.0018107066891002504,0.00145593869731806,0.006030701754385914,False
st_V1_st_curvature_sign_n_valid,0.0028927707199032067,0.002288885886174247,0.0026947701972699534,-0.00038986354775832156,0.006666666666666721,False
morph_V2_saddleback_score_max,0.0019410835517913651,0.0020157414995836667,0.0011848308436745152,0.0005847953216373769,0.003586744639376242,False
sq_aVF_snr_proxy,0.0019361430395913389,0.0010537749864914184,0.0033448828401198543,-0.0005068226120857259,0.007318007662835305,False
morph_V1_t_amplitude_n_valid,0.0018513141090273715,0.0016849188078059778,0.001532450770304064,0.0,0.003601532567049866,False
st_V2_st_curvature_sign_mean,0.00172393627747531,0.00201049378604597,0.002692732717279565,-0.0010233918128655262,0.0060038986354775965,False
st_V1_st_j80_median,0.0016912852053505574,0.001976063183411319,0.0011141804878896234,-7.662835249039694e-05,0.002690058479532213,False
morph_V1_t_amplitude_std,0.0015811823620353524,0.0037545934704238245,0.005051029511534431,-0.006315789473684304,0.006819923371647548,False
sq_III_snr_proxy,0.0015593197553270162,0.001885563808488689,0.0010696810994693473,1.1102230246251566e-17,0.002605363984674358,False
morph_V3_trough_depth_between_humps_n_valid,0.0014139947570074648,0.0010460750214852884,0.002431061578419427,0.0,0.005614035087719308,False
st_V2_st_j80_j0_ratio_std,0.0013578174363110965,0.0007787759102952752,0.003393095199981571,-0.0006130268199233383,0.007407407407407418,False
sq_II_range,0.0013413490623109517,0.0016184760015967394,0.0008040603799466565,0.0005068226120856852,0.0024137931034483658,False
st_V3_st_area_above_baseline_n_valid,0.0013104960677555874,0.002863855046223633,0.0021996947303437194,-0.0007797270955166394,0.004980842911877448,False
sq_V5_noise_energy,0.0012958761847146785,0.0012024796933439825,0.0027451824025786164,-0.00023391812865491968,0.006176900584795279,False
sq_V4_mean,0.0012848020434227502,0.0012383359475380312,0.0017214810801367188,-0.0001559454191033464,0.003859649122807059,False
st_V1_st_curvature_sign_min,0.0012540330711836968,0.0023491129250786773,0.004246210415726919,-0.005302144249512764,0.0057699805068226395,False
morph_V1_high_takeoff_gt_2mm_max,0.0012287927673590156,0.001955413153989294,0.0020844643452215877,-0.0014424951267057303,0.0030651340996169173,False
st_V2_high_takeoff_gt_2mm_std,0.001223986690865105,0.0014343028559053203,0.0021131580447384364,-0.00011695906432753385,0.004934210526315755,False
st_V1_st_j80_j0_ratio_max,0.001107548564898845,0.001993535081205924,0.0018235899652932707,-0.0012260536398466804,0.0028849902534113458,False
st_V3_st_j40_j0_ratio_mean,0.0011061874033743532,0.0019310613421657016,0.0012541814506012874,-0.0002558479532163889,0.0026053639846744248,False
st_V2_st_convexity_max,0.0010538415003024696,0.0027449299117780625,0.0032848122881184694,-0.0014619883040936422,0.006053639846743353,False
sq_V4_noise_energy,0.0010496403844861362,0.0011743517861120486,0.0015949612651073959,0.0,0.0038596491228070815,False
st_V2_st_convexity_mean,0.0010298279222961722,0.0019125163545518215,0.0023024158989974407,-0.0015204678362574294,0.004717348927875283,False
sq_III_rms,0.0009704577535793495,0.0008314524911718976,0.0007847263142561111,0.0,0.0018713450292397202,False
st_V1_st_j40_mean,0.0009698695973650717,0.0018135551951407366,0.0013291383033685435,3.654970760232172e-05,0.003235867446393718,False
sq_II_noise_energy,0.0009013578006318605,0.0016073393049333272,0.0019140288542814272,-0.002066276803119001,0.002950191570881333,False
st_V2_high_takeoff_gt_2mm_min,0.0008476507360354983,0.0006897395114929966,0.0008307958082248494,0.0,0.0016812865497075834,False
morph_V3_t_amplitude_mean,0.0008377697116354121,0.002296601208789463,0.0024252704034603153,-0.003196881091618009,0.0033333333333334177,False
morph_V3_t_mean_max,0.0008309470995496697,0.0015789271393192937,0.00165074199689748,-0.001762452107279633,0.0025341130604289255,False
morph_V1_second_hump_present_n_valid,0.0008212845331720375,0.001154909994553525,0.0009404134603786542,-0.00011494252873561021,0.0022612085769981452,False
st_V1_r_amplitude_std,0.0008197217180883271,0.001930291821328991,0.0025625620553123775,-0.001900584795321673,0.003754789272030686,False
st_V2_s_amplitude_mean,0.0007994387309269372,0.001479183414434679,0.001047210284121423,-0.0004678362573099171,0.0021839080459770603,False
sq_V3_rms,0.0007924984875983157,0.00046548395115185795,0.0007610465167612509,0.0,0.0015325670498084938,False
morph_V2_t_peak_value_max,0.0007737279021308044,0.0013987143141662843,0.0008865293055181413,-0.0003508771929824535,0.0019923371647509974,False
morph_V2_saddleback_score_mean,0.0007189621563487347,0.0007759852894736292,0.00041867944374791074,0.0,0.0010344827586207398,False
morph_V2_trough_depth_between_humps_min,0.000711517779122138,0.0026139335957540465,0.002319198599216292,-0.003103448275862001,0.0027290448343078922,False
st_V3_st_j80_std,0.0006835215433219262,0.0011367053391449495,0.0010260827183636244,3.654970760234022e-05,0.002490421455938759,False
st_V1_high_takeoff_gt_1mm_mean,0.0006759427303892037,0.0013085378651997224,0.001189970032726006,-0.00038986354775823276,0.0026436781609195715,False
morph_V3_second_hump_present_n_valid,0.000636015325670507,0.00031230166854122375,0.0014221735029309208,0.0,0.003180076628352535,False
sq_aVF_noise_energy,0.000597650736035494,0.001421218065744241,0.001914802699204328,-0.001871345029239846,0.003141762452107366,False
morph_V2_t_mean_n_valid,0.0005939201451905718,0.0010226515959770404,0.001197970190506804,-0.0010136452241715998,0.002222222222222266,False
morph_V3_second_hump_present_median,0.0005440613026820026,0.00026199725666327926,0.0012165580567240401,0.0,0.0027203065134100016,False
sq_V5_snr_proxy,0.0005331552060227329,0.0014243493436686394,0.0016188256206119103,-0.0015984405458090397,0.002375478927203108,False
st_V1_st_slope_j0_j40_mean,0.0005298279222961733,0.001187809073406963,0.0010959991145022398,-0.0007675438596491446,0.002261208576998079,False
st_V3_j_point_amplitude_mean,0.0005275257108288089,0.0006956184457470236,0.0009521279455956595,-0.00029239766081872175,0.0019540229885057917,False
st_V3_r_amplitude_mean,0.0005134099616858393,0.00020288432635822464,0.001148019574655099,0.0,0.0025670498084291965,False
sq_V3_noise_energy,0.0005086038851919072,0.0006723098506319871,0.0006517419037591006,-0.000365497076023417,0.0011306042884990783,False
morph_V2_t_amplitude_mean,0.0005075788129327326,0.001167767924212739,0.0005885305286295167,-0.0001559454191033057,0.001226053639846795,False
st_V2_st_j80_j0_ratio_median,0.0004999663910734889,0.000697185514533707,0.0013866564440350338,-0.0007662835249041655,0.0028460038986354813,False
sq_aVL_rms,0.0004951939235060743,0.0009119152115463023,0.0012914570499451806,-0.0008045977011493825,0.002452107279693531,False
morph_V1_second_hump_present_min,0.000491631377293799,0.0008168512463490859,0.0006347130264273051,-0.00045977011494248524,0.001286549707602332,False
st_V3_st_monotonicity_min,0.0004912280701754423,0.0003684933429123909,0.0008785348194871495,0.0,0.002027290448343111,False
sq_V1_std,0.0004846407205754014,0.0008097177220933894,0.000858429093187358,-7.662835249037104e-05,0.001954022988505825,False
sq_aVL_noise_energy,0.00047993547086106587,0.0004082305971410467,0.0005789529523223196,0.0,0.0014035087719297585,False
sq_V4_rms,0.0004799018619345485,0.0007677360111306532,0.0005493955575490208,0.0,0.0014176245210728614,False
morph_V3_saddleback_score_max,0.000479212878940678,0.001066130510184029,0.0009733615481729949,-0.0010344827586205659,0.001264367816091975,False
st_V3_st_area_above_baseline_max,0.0004744236069099987,0.001385221007112802,0.0016054933477252134,-0.0021052631578948175,0.0019103313840156142,False
st_V1_st_j20_median,0.00046963433487935187,0.0010443790207681645,0.0007234340650607313,-0.0004288499025340897,0.0012061403508771495,False
sq_aVL_snr_proxy,0.00045829132217518247,0.0007889816033362269,0.001316017282137491,-0.000584795321637499,0.002758620689655215,False
st_V2_st_j40_n_valid,0.00045518249647108933,0.0011501252349857246,0.001276137074965768,-0.000919540229884989,0.0019883040935672392,False
st_V1_st_slope_j0_j40_std,0.0004503596155138741,0.0011596963768075441,0.0008843305005929428,-0.0002339181286550603,0.0019493177387914266,False
st_V2_st_j80_j0_ratio_n_valid,0.0004452510586811849,0.000581205126281656,0.000933152992057421,-0.0002298850574712241,0.0020662768031188975,False
sq_V6_range,0.0004436546346709809,0.0007694404632908324,0.001086281554621613,-0.0007675438596491446,0.0020662768031189677,False
sq_II_snr_proxy,0.000440965920548501,0.0005943406748185841,0.00031123540244155034,0.0,0.0007017543859648849,False
st_V3_st_j20_min,0.0004386301001545882,0.0005433251340703475,0.0006578928739691769,-0.00021929824561404133,0.0014424951267055564,False
st_V2_st_j20_n_valid,0.0004312361363178126,0.0006276835554852856,0.0007803676510541025,-0.00021929824561404133,0.0016858237547892803,False
st_V2_st_area_above_baseline_mean,0.00042884990253410445,0.00022920918560912764,0.0008949894957698849,0.0,0.0020272904483430404,False
st_V2_st_j60_mean,0.00042051488875447884,0.0013035116481849669,0.001083978553191193,-0.00126436781609189,0.0014176245210728651,False
st_V2_rs_ratio_std,0.00041668347112995796,0.0007832944665128576,0.0011175560482639157,-0.0013026819923370883,0.0016081871345029254,False
morph_V3_high_takeoff_gt_2mm_n_valid,0.00041454930429521837,0.0017927207811286212,0.001661041895994684,-0.0023757309941520957,0.0018713450292396794,False
st_V3_st_j20_mean,0.00041451569536870604,0.00034103227949785944,0.00040296361664307135,0.0,0.0009137426900585055,False
st_V1_st_j20_std,0.00041379310344828116,0.0005126042135830484,0.001104618366424061,-0.00030651340996167654,0.0023754789272030824,False
st_V3_rs_ratio_max,0.0004132553606238025,0.00020644370050485364,0.0009240670784210123,0.0,0.0020662768031190124,False
st_V3_st_curvature_sign_mean,0.0004102305572360088,0.0020971716189263495,0.0021827521888662773,-0.0032567049808428505,0.0024521072796935234,False
sq_V4_range,0.00040448343079920655,0.00048534196391057834,0.0005328853221870796,0.0,0.001130604288498982,False
morph_V3_t_amplitude_min,0.00039903878470121763,0.002626127953299052,0.003044984508506911,-0.0025730994152046494,0.004291187739463649,False
morph_V3_t_peak_value_max,0.0003900820057807741,0.0006351501975247569,0.0007118855486637418,-0.0003118908382065929,0.001302681992337203,False
sq_I_min,0.00038354506957049005,0.0009366362375442692,0.001371474305450806,-0.0009195402298850075,0.002720306513410009,False
sq_V6_noise_energy,0.00037426900584798105,0.0009435992335938403,0.0008373293448475256,-3.831417624519107e-05,0.0018713450292398312,False
sq_V1_range,0.00036942932042751157,0.0007783216709891307,0.0004118676519086987,-7.797270955173611e-05,0.0009195402298850593,False
st_V2_st_j40_j0_ratio_mean,0.0003689083820662871,0.0001692319622722895,0.0005072078776351374,0.0,0.000986842105263186,False
sq_V6_snr_proxy,0.00036361497613766506,0.0007640648947276622,0.0007505487764690492,-0.00021929824561409312,0.00164750957854413,False
morph_V2_high_takeoff_gt_2mm_min,0.00036265712173155627,0.0005097383300345427,0.0004283992326978415,0.0,0.0008406432748538251,False
sq_aVF_range,0.000344709954964042,0.0008296315189589125,0.0013684586534223097,-0.0013523391812866104,0.0024521072796935533,False
st_V3_rs_ratio_n_valid,0.00034133225784767145,0.0008314725992694724,0.00028610432504625616,0.0,0.0007407407407406493,False
sq_aVL_range,0.0003362573099415093,0.0002815988345651763,0.0007518942029604307,0.0,0.0016812865497075466,False
morph_V1_trough_depth_between_humps_n_valid,0.00033459366807823287,0.0010853897977751213,0.001931095650156096,-0.0024171539961014656,0.002768031189083823,False
st_V3_st_curvature_sign_n_valid,0.00033370303152517947,0.0005973576185302958,0.0011870860805144453,-0.00045977011494248893,0.002417153996101362,False
sq_V5_range,0.0003219231027761167,0.0007506764638423791,0.0007845996061467447,-0.0004980842911876652,0.0015594541910331605,False
st_V3_st_monotonicity_std,0.0003185622101230301,0.000730254117699727,0.0008315880715099881,-0.000881226053639735,0.0014424951267056822,False
sq_V2_baseline_drift,0.00031365530684952217,0.00041176698930389406,0.0004094667482074664,0.0,0.000986842105263186,False
morph_V2_t_amplitude_min,0.0003113530953821534,0.0012518717823260012,0.0007695159003814707,-0.00023391812865492708,0.001637426900584719,False
st_V2_st_curvature_sign_n_valid,0.0003040935672514385,0.00023733607234689024,0.0005584718777222104,0.0,0.0012865497076022248,False
morph_V1_second_hump_present_mean,0.0002993210996840859,0.0013526956260712093,0.000684754293448663,-0.0005747126436780474,0.0009746588693956911,False
st_V2_st_j40_max,0.0002950191570881292,0.0005190285512314136,0.0003925617862127427,0.0,0.0009195402298851148,False
st_V1_st_j60_max,0.000289961013645225,0.000532035318803504,0.00046235339987705625,0.0,0.0010599415204678184,False
st_V1_s_amplitude_mean,0.00028609598709418893,0.0012169621658119282,0.0007477947115685878,-0.0007675438596491446,0.0011877394636015744,False
st_V3_st_j60_median,0.0002854070041002872,0.0005284507429161309,0.00038542965465658346,0.0,0.0008812260536398867,False
sq_III_range,0.0002836929488472295,0.0007584744405148116,0.0010959488080819317,-0.0009502923976608457,0.0018390804597701964,False
st_V2_st_j80_std,0.0002827182899778302,0.0002024061146984653,0.00040544502922555843,0.0,0.0008771929824561653,False
morph_V1_t_polarity_n_valid,0.00027846676077164517,0.0011460661765838854,0.001551960272809658,-0.0017178362573099903,0.002612085769980403,False
st_V2_r_amplitude_std,0.00027813067150638096,0.00034752176752965886,0.0006007299487251267,0.0,0.0013523391812865473,False
morph_V2_high_takeoff_gt_1mm_mean,0.00027777777777776715,0.00032494313992533446,0.0006211299937499179,0.0,0.0013888888888888358,False
sq_V4_std,0.0002772064260267652,0.0003287069956618321,0.00042174947236229063,0.0,0.000996168582375545,False
sq_III_min,0.000276937554614521,0.0005558839132117224,0.0003290562789398709,0.0,0.000804597701149475,False
st_V2_high_takeoff_gt_1mm_max,0.0002767359010553279,0.0005360970217301444,0.00048221218275365876,-0.00043859649122808265,0.0007017543859649478,False
st_V1_st_j20_min,0.0002686025408348673,0.0004674528153715829,0.00040073641284610757,0.0,0.0009578544061303466,False
st_V3_st_j80_max,0.0002681992337164944,0.00017889069011386044,0.0005997117181034309,0.0,0.0013409961685824645,False
st_V1_s_amplitude_min,0.00026819923371647884,0.0002063281535300591,0.0005997117181034003,0.0,0.0013409961685823943,False
morph_V2_second_hump_amplitude_mean,0.00026814882032670425,0.0009509710027465604,0.0007579453310341765,-0.0006213450292397837,0.0013793103448276444,False
st_V1_st_j40_min,0.0002681488203266894,0.0016089592099727528,0.0014258969849972527,-0.0014942528735631734,0.0018773946360154058,False
morph_V3_t_mean_n_valid,0.0002676950998185427,0.0009434301893738095,0.0015419768258538812,-0.0018274853801169963,0.0021072796934866484,False
morph_V1_saddleback_score_median,0.0002660482624185027,0.0008373343174723901,0.0011821016187014886,-0.0007017543859649588,0.0023001949317738653,False
st_V1_high_takeoff_gt_2mm_mean,0.0002652080392552299,0.0006643588718539528,0.00047235831362152744,-0.0002192982456140524,0.0008045977011494898,False
rr_mean_ms,0.00026147744841031585,0.000486424716431999,0.00044798971942009976,0.0,0.0010344827586207508,False
sq_I_rms,0.0002610741412919533,0.0004549176003696374,0.00038141899910349597,0.0,0.0009195402298851333,False
morph_V3_t_polarity_mean,0.0002563352826510664,0.0006323586640117944,0.0005332595519682305,-1.850371707708594e-17,0.0012085769980506736,False
morph_V3_t_amplitude_std,0.0002537641997714491,0.0013189914704398792,0.0009046249496562878,-0.0012061403508772384,0.0010136452241714963,False
st_V1_st_curvature_sign_mean,0.0002532432614102283,0.0011055868226427675,0.0007469957806714275,-0.000574712643678114,0.0014559386973180487,False
sq_aVR_baseline_drift,0.0002528735632184046,0.0002283392799892953,0.0005442771143932809,0.0,0.0012260536398468135,False
morph_V2_high_takeoff_gt_2mm_max,0.00025097465886937177,0.00045385605172984934,0.000446943797004034,-0.00010964912280702066,0.0009746588693955912,False
sq_aVR_mean,0.00024756335282651644,0.0002852837725664265,0.00034813199441251664,0.0,0.0007309941520468044,False
st_V1_st_area_above_baseline_min,0.0002419842710224085,0.0006057692931222537,0.00045045315900496985,-0.000292397660818744,0.0008812260536399053,False
sq_V6_rms,0.000241580963904023,0.00016206043292690776,0.0005190383989488552,0.0,0.0011695906432749017,False
sq_V1_min,0.0002393627747529766,0.0010511608807322213,0.001810504705487137,-0.002192982456140413,0.002796934865900469,False
st_V1_j_point_confidence_min,0.00023924514351012432,0.0005680571205579678,0.0006633887993929092,-0.0006213450292397837,0.0009746588693957133,False
st_V2_st_area_above_baseline_min,0.0002385897694427911,0.0004238749094900556,0.0007224768241224003,-0.0008040935672514848,0.0011494252873563982,False
morph_V2_covedness_score_std,0.00023847213819990407,0.00041612736788934683,0.0003201068992494835,0.0,0.0007797270955165396,False
sq_aVL_max,0.00023754789272032004,0.00028144624784992366,0.0005311732360344589,0.0,0.0011877394636015928,False
morph_V3_second_hump_present_max,0.0002375478927203149,0.00022589123330244413,0.0005311732360344413,0.0,0.001187739463601556,False
morph_V3_t_amplitude_max,0.0002375478927203149,0.00043333487106586013,0.0004147852445279718,-1.850371707708594e-17,0.0009578544061303133,False
st_V3_r_amplitude_median,0.00023391812865497592,0.0002588932197508403,0.0006376384886470417,-0.00019493177387915525,0.0013645224171540348,False
st_V3_high_takeoff_gt_1mm_max,0.00023391812865497372,0.00015979650317286568,0.0005230568368420358,0.0,0.0011695906432748204,False
morph_V2_t_mean_median,0.00023158230826108902,0.0005577796784927751,0.0005508393620693279,-0.00030651340996165437,0.001111111111111144,False
st_V3_st_monotonicity_max,0.00023099415204680325,0.000947348384575493,0.0007186862822568354,-0.0003654970760234022,0.0014814814814815133,False
st_V3_st_j20_max,0.00023069167170801955,0.0005794770805866073,0.0010576211095712118,-0.0008771929824561653,0.001992337164751005,False
sq_aVL_mean,0.00023028836458963473,0.0006618320781355521,0.0005843473400768426,-0.0004678362573099652,0.0010344827586207471,False
st_V1_st_slope_j0_j40_median,0.00022854070041003152,0.0011532731811450783,0.0018228519433970262,-0.0011877394636014634,0.0032358674463937513,False
sq_V2_noise_energy,0.0002224910936344885,0.00021926897316203788,0.000455171090795834,0.0,0.0010344827586207508,False
st_V1_st_j80_j0_ratio_std,0.00021966794380587386,0.0010574642784657753,0.001008752253042239,-0.0014619883040935977,0.0012085769980506107,False
sq_V6_min,0.00021813873764872172,0.0006763063427450859,0.0016681040589612611,-0.001790935672514667,0.002846003898635489,False
morph_V1_t_amplitude_median,0.00021230758889559265,0.0024039311412514144,0.0027667068158296025,-0.0027046783625731654,0.00323586744639374,False
st_V2_s_amplitude_min,0.00021052631578946844,0.00013969959350619026,0.0004707511531578387,0.0,0.0010526315789473422,False
st_V1_high_takeoff_gt_2mm_std,0.0002068965517241465,0.00016091954022988864,0.00046263475396549287,0.0,0.0010344827586207324,False
morph_V3_covedness_score_max,0.0002053505411037119,0.0009146689595546027,0.0011980482543544765,-0.001315789473684248,0.0020306513409962036,False
sq_V3_min,0.00020272904483430222,0.00026309059050959695,0.0004318519767968221,0.0,0.0009746588693957133,False
st_V3_st_area_above_baseline_min,0.00020047724675674802,0.0004041112795112213,0.0005220975822594916,-0.0004288499025341008,0.0009195402298850778,False
st_V1_st_j40_j0_ratio_mean,0.00019923371647513196,0.00045771752869454686,0.0005353026573662382,-0.00015325670498079387,0.0011494252873563908,False
morph_V2_t_peak_value_min,0.0001940411373260894,0.00032212639270429654,0.0005874533785911562,-0.00025584795321638155,0.0012260536398468285,False
morph_V2_saddleback_score_std,0.00019341937218526174,0.001209285902573046,0.000971240249660751,-0.000935672514619934,0.0011877394636015744,False
sq_aVL_std,0.00019320091416282251,0.0009649977594329877,0.0009555713557494737,-0.0011877394636015152,0.0012643678160920379,False
morph_V1_high_takeoff_gt_2mm_min,0.00018928547422195552,0.000525991899243805,0.0016944558596184444,-0.0020467836257310524,0.0027203065134100016,False
st_V2_j_point_amplitude_min,0.00018713450292398088,0.000152794681811045,0.00041844546947362337,0.0,0.0009356725146198489,False
st_V1_r_amplitude_min,0.00018684882704847065,0.0007651265340703524,0.00027861217556941943,-0.00010964912280704286,0.0004980842911877762,False
st_V1_r_amplitude_n_valid,0.00018157222558312132,0.0009932271308010316,0.0011952799760798593,-0.0014985380116959415,0.001264367816092001,False
morph_V2_t_peak_value_mean,0.00017933723196881542,0.00021872248916440066,0.00040101024157891354,0.0,0.000896686159844066,False
st_V1_high_takeoff_gt_1mm_median,0.00017787524366469872,0.00025295442954133653,0.0003397790686869279,0.0,0.0007797270955164729,False
rr_cv,0.00017678295355248117,0.0004383154245755915,0.00031543512922337845,0.0,0.0007279693486590225,False
morph_V1_high_takeoff_gt_1mm_max,0.00017448074208513092,0.00039523493362044685,0.00032116457231492476,-3.831417624513186e-05,0.0007279693486590262,False
st_V3_st_j20_n_valid,0.00017377495462795662,0.0011707776010523767,0.001753658127959977,-0.002375730994152107,0.002298850574712689,False
st_V3_r_amplitude_min,0.00016871681118507822,0.0005023528513778206,0.00024613760705579897,0.0,0.0005747126436782397,False
st_V1_st_j60_min,0.00016858237547893838,0.00014458208631505334,0.0003769616513792999,0.0,0.000842911877394692,False
sq_V4_min,0.0001676413255360587,0.000525150830811833,0.00015570156372488232,0.0,0.0003118908382066558,False
sq_aVR_rms,0.00016374269005847486,0.0002749485130735931,0.00023456700127080855,0.0,0.0005068226120857333,False
sq_aVR_max,0.00016303690260135155,0.0004391610568284723,0.00045786011243305656,-0.00021929824561404133,0.0009578544061303133,False
st_V2_st_j80_max,0.00016254957316667187,0.0005157538092462878,0.0003804525454572237,-0.00034482758620684915,0.0006944444444444642,False
st_V1_high_takeoff_gt_1mm_max,0.00016091954022990387,0.00038985118285538234,0.0003187223654112855,0.0,0.0007279693486590447,False
sq_V1_noise_energy,0.00015965920548498326,0.00028562061548319587,0.00015637860529298692,0.0,0.0003508771929824683,False
morph_V2_second_hump_amplitude_max,0.00015594541910329457,0.00011027006334291777,0.000348704557894661,0.0,0.0007797270955164729,False
sq_aVF_max,0.00015527324057271752,0.000314890446670148,0.00025403546728413354,0.0,0.000584795321637488,False
st_V2_st_j60_std,0.00015492034684413624,0.0004166116258408809,0.0005073006132292122,-0.0005363984674329081,0.0006896551724138056,False
st_V1_st_area_above_baseline_std,0.00015448343079920525,0.0004562711009802353,0.0004702779545022606,-0.00047514619883042285,0.0006237816764132893,False
sq_V5_max,0.00015392888351148864,0.0005961408809914542,0.0005008099963195231,-0.0005847953216374435,0.0007797270955165988,False
sq_II_mean,0.00015325670498084125,0.00037232913105613065,0.00034269241034481023,-3.3306690738754695e-17,0.0007662835249042395,False
sq_I_snr_proxy,0.00015219802379512926,0.00023201195506635102,0.0002830401169386475,0.0,0.0006513409961686256,False
st_V2_st_convexity_median,0.0001495597230624446,0.001165670177767714,0.0003732275452646557,-0.0001461988304093868,0.0007797270955166469,False
morph_V1_t_polarity_max,0.00014895476238488008,0.0004487045870108239,0.0005946407150251647,-0.0004980842911876874,0.0010916179337230696,False
st_V2_j_point_confidence_max,0.0001488875445318275,0.0007536603252024773,0.0009373698315357998,-0.0010233918128655262,0.0015708812260536663,False
st_V1_j_point_confidence_n_valid,0.0001484170195604199,0.0007453757287910711,0.0007149203131687073,-0.0006130268199233051,0.0011695906432748204,False
sq_V1_mean,0.000148282583854266,0.00020482256609316725,0.0003533778771412837,-3.831417624520957e-05,0.0007797270955165396,False
sq_V1_baseline_drift,0.0001461316125563113,0.00025077651734438654,0.00020706677566138254,0.0,0.0004980842911877726,False
st_V3_st_slope_j20_j80_std,0.00014571150097464865,0.0002736781767913768,0.0005774401410134813,-0.0004020467836257424,0.0011306042884989857,False
morph_V3_t_polarity_max,0.00013806547018889133,0.00028889109397169126,0.0003095568600858406,-3.831417624520587e-05,0.0006896551724138389,False
st_V3_st_area_above_baseline_mean,0.00013793103448277147,0.00014046209026684895,0.0003084231693103446,0.0,0.0006896551724138573,False
st_V1_r_amplitude_max,0.00013791423001950168,0.0002378678599534721,0.00022088713976682243,0.0,0.0005068226120857444,False
morph_V3_high_takeoff_gt_2mm_max,0.00013762855414398628,0.000572845865334422,0.00020760708910154145,0.0,0.0004980842911878132,False
sq_II_min,0.00013722524702562965,0.0006135301811907069,0.00029021662245138334,-3.831417624516516e-05,0.0006513409961686515,False
morph_V3_covedness_score_mean,0.0001367211131276469,0.0004039981687341014,0.0004712795110044207,-0.000350877192982509,0.0009195402298851037,False
st_V1_st_j20_n_valid,0.00012435302816426723,0.00037278750512754035,0.0002621875419622967,-0.00015325670498083827,0.0005068226120856704,False
st_V2_high_takeoff_gt_1mm_min,0.00012421859245815626,0.0003760525800561261,0.00020322837382728034,0.0,0.0004678362573099319,False
morph_V1_saddleback_score_n_valid,0.00012329434697855673,0.00028421187921202505,0.00021959315236901237,0.0,0.0005068226120857629,False
sq_V1_max,0.0001232775425153106,0.0003695085526553174,0.0001742107287047786,0.0,0.0004214559386973645,False
st_V2_st_j60_max,0.00011907642669893932,0.0008214089553892322,0.001027336210155604,-0.0008812260536397535,0.001793372319688032,False
morph_V2_covedness_score_n_valid,0.00011801774551322436,0.00029590627497126133,0.0002057515211942768,0.0,0.00047514619883042285,False
st_V1_rs_ratio_max,0.00011695906432747907,0.0002447380828662951,0.000355182595678112,-0.0001559454191032909,0.0007407407407406863,False
st_V1_s_amplitude_n_valid,0.00011695906432747834,0.00019395466610265335,0.00026152841842101227,0.0,0.0005847953216373917,False
st_V3_st_slope_j0_j40_mean,0.0001154802715601385,0.0003700683348955459,0.0001435430917494723,0.0,0.00034482758620692683,False
st_V1_r_amplitude_mean,0.00011494252873563981,0.00011494252873563981,0.00025701930775861356,0.0,0.0005747126436781991,False
sq_aVF_std,0.00011095987094171884,0.000989856056629046,0.0009170858343169374,-0.0009961685823754451,0.0013645224171539127,False
st_V2_st_curvature_sign_min,0.00010949788263760508,0.0014550536504231645,0.0023538928251338603,-0.003196881091618024,0.003430799220272888,False
morph_V3_covedness_score_median,0.000109161793372341,0.0005729360839695406,0.00032643026958981787,-0.0003065134099616507,0.0005458089668616495,False
st_V1_st_j20_max,0.00010808630772334219,0.0003449269367777847,0.00015021227630714504,0.0,0.0003065134099617691,False
morph_V3_high_takeoff_gt_2mm_mean,0.00010727969348659196,0.00020331799481106187,0.00023988468724136106,0.0,0.0005363984674329598,False
sq_aVF_mean,0.0001060193587416743,0.0006628567134359524,0.0007494306822505955,-0.0004678362573099874,0.0014035087719298364,False
morph_V1_t_amplitude_max,0.0001035659071049284,0.002341558716026783,0.004741623275363644,-0.003859649122807089,0.007797270955165732,False
morph_V3_t_polarity_n_valid,0.00010262485716205989,0.0005890201406262894,0.000673312095571884,-0.0008406432748538213,0.0007662835249042358,False
morph_V2_high_takeoff_gt_2mm_mean,0.0001013645224171585,0.0001307060788634686,0.0002266579626315677,0.0,0.0005068226120857925,False
st_V3_j_point_amplitude_min,9.96168582375582e-05,0.00019400749273827816,0.00022275006672414001,0.0,0.000498084291187791,False
morph_V1_second_hump_amplitude_mean,9.961685823755672e-05,0.00026994505676335373,0.00022275006672413673,0.0,0.0004980842911877836,False
st_V1_st_slope_j20_j80_max,9.844054580895545e-05,0.000366092725273877,0.0004180877581929701,-0.0003654970760234022,0.0007797270955165247,False
sq_V2_rms,9.657525038651621e-05,0.00046578841667089014,0.0006733098307849109,-0.0005482456140351033,0.001226053639846821,False
st_V3_st_slope_j20_j80_median,9.502923976607643e-05,0.0001850729371516387,0.0002124918399670731,0.0,0.00047514619883038214,False
morph_V2_high_takeoff_gt_2mm_median,9.33655979028103e-05,0.00018923388536502605,0.00029731729919386235,-0.00014619883040936087,0.0006130268199234124,False
st_V2_st_area_above_baseline_n_valid,9.195402298851407e-05,0.00015248849610829967,0.00020561544620689584,0.0,0.00045977011494257035,False
st_V1_high_takeoff_gt_1mm_std,9.185319620892417e-05,0.00025569239188051157,0.0004252315489340762,-0.00034482758620686394,0.0008040935672514848,False
st_V2_st_slope_j0_j40_min,9.007192310279394e-05,0.00019484475879293317,0.0005589486819381152,-0.0005458089668615755,0.000996168582375545,False
st_V3_st_j40_min,8.869395711502027e-05,0.00032318738124748373,0.00033467151565084064,-0.00021929824561404133,0.0006627680311891426,False
sq_III_baseline_drift,8.736640451704415e-05,0.0002022069178237944,0.0002174094312427414,-3.831417624520217e-05,0.00047514619883042285,False
st_V3_rs_ratio_std,8.57699805068209e-05,0.00011272383855594987,0.00019178750684205857,0.0,0.0004288499025340601,False
st_V2_r_amplitude_max,8.48793439537565e-05,0.0004968915045733272,0.0005233588970200751,-0.0005482456140351033,0.000857699805068161,False
morph_V2_t_mean_std,8.01740942394269e-05,0.00059963797806593,0.0007509687145429232,-0.000857699805068283,0.0011695906432748462,False
morph_V2_t_peak_value_std,7.331787322713149e-05,0.001155498331785126,0.0006496326964773441,-0.0006896551724137242,0.0007662835249042432,False
sq_I_std,7.261208576997785e-05,0.0005730556163160652,0.0006140940672191748,-0.00047514619883042654,0.0011111111111112145,False
morph_V1_t_peak_value_std,7.249445452712998e-05,0.0004713507114299871,0.0004360505268876959,-0.0003654970760234133,0.000804597701149475,False
st_V1_st_j80_j0_ratio_min,7.123411978221156e-05,0.00042414717612405397,0.00019581671128133775,-0.00010964912280702066,0.0003898635477582957,False
morph_V1_second_hump_amplitude_median,6.89655172413839e-05,0.00010534656770014124,0.00015421158465516813,0.0,0.00034482758620691946,False
sq_V1_rms,6.864623243935182e-05,0.0006260454736035085,0.0008071203867874808,-0.0012061403508772273,0.0009746588693957392,False
st_V1_high_takeoff_gt_1mm_n_valid,6.224373193521204e-05,0.00022461611977641046,0.00011892584070740872,0.0,0.00027290448343076555,False
sq_V4_baseline_drift,6.210929622908626e-05,0.0002498590373192229,0.00010161418691363265,0.0,0.00023391812865494188,False
morph_V2_t_inversion_indicator_median,6.210929622908331e-05,0.00029532261429305267,0.0001016141869136337,0.0,0.0002339181286549604,False
sq_II_max,6.130268199236047e-05,0.00047443224463078964,8.394215440695393e-05,0.0,0.0001532567049809308,False
st_V2_st_monotonicity_median,6.091617933723222e-05,0.00015296561315788557,8.869529592203334e-05,0.0,0.00019493177387914045,False
morph_V3_trough_depth_between_humps_median,6.022719634336315e-05,0.0003732839472539112,0.0005046394811952006,-0.0003118908382066706,0.0009195402298851111,False
st_V1_st_j60_n_valid,5.847953216374435e-05,9.697733305133024e-05,0.00013076420921051774,0.0,0.00029239766081872175,False
st_V2_j_point_confidence_mean,5.555555555555979e-05,0.00031818545991587943,0.0001680968696117628,-7.309941520468044e-05,0.0003508771929824794,False
st_V2_high_takeoff_gt_2mm_max,5.36398467433119e-05,9.723047923717839e-05,0.00011994234362067888,0.0,0.0002681992337164929,False
sq_II_std,5.363984674329858e-05,9.723047923716752e-05,0.00011994234362068633,0.0,0.0002681992337164929,False
st_V3_high_takeoff_gt_1mm_median,5.363984674329784e-05,0.00019400749273827325,0.00011994234362068468,0.0,0.0002681992337164892,False
morph_V1_t_peak_value_min,5.2698796800441094e-05,0.00028527662418810544,0.00029509081526711735,-0.0002729044834308062,0.0005363984674330117,False
st_V2_st_curvature_sign_std,5.256436109431237e-05,0.0007266185950079304,0.0005333727957609498,-0.000818713450292452,0.0005068226120857851,False
morph_V3_t_mean_min,5.0682261208578124e-05,0.00025294050760559384,0.0007132478755027467,-0.0008771929824561653,0.001130604288499056,False
st_V1_st_j80_j0_ratio_median,4.678362573100318e-05,0.00012669065738223659,0.0001046113673684314,0.0,0.0002339181286550159,False
morph_V3_t_inversion_indicator_median,4.6783625730992814e-05,9.356725146198563e-05,0.00010461136736840821,0.0,0.00023391812865496408,False
morph_V3_second_hump_amplitude_n_valid,4.597701149426333e-05,0.00015016029074532757,0.00010280772310346199,0.0,0.00022988505747131664,False
st_V3_st_j60_std,4.597701149425889e-05,0.00016146595789813086,0.00010280772310345206,0.0,0.00022988505747129445,False
st_V1_j_point_amplitude_mean,4.597701149425592e-05,9.195402298851185e-05,0.00010280772310344543,0.0,0.00022988505747127962,False
st_V1_st_j80_j0_ratio_mean,4.597701149425592e-05,9.195402298851185e-05,0.00010280772310344543,0.0,0.00022988505747127962,False
st_V2_high_takeoff_gt_1mm_std,4.597701149425592e-05,0.00014857658652955757,0.00010280772310344543,0.0,0.00022988505747127962,False
sq_aVR_noise_energy,4.530483296363223e-05,0.0004913487771867495,0.0002805335305754629,-0.00035087719298250165,0.000421455938697346,False
sq_V5_rms,4.4414196410580425e-05,0.0006247308604917731,0.0004114579076020644,-0.0005482456140351033,0.0005747126436781768,False
st_V1_st_area_above_baseline_n_valid,4.236405189221341e-05,0.0007081063762506346,0.0003536892454478311,-0.00018274853801170481,0.0006627680311891463,False
st_V3_j_point_amplitude_median,3.898635477582143e-05,0.00014896665243307956,8.717613947366029e-05,0.0,0.00019493177387910714,False
st_V1_st_j40_n_valid,3.8314176245213274e-05,8.567310258620454e-05,8.567310258620454e-05,0.0,0.00019157088122606636,False
st_V3_st_j80_j0_ratio_std,3.8314176245213274e-05,8.567310258620454e-05,8.567310258620454e-05,0.0,0.00019157088122606636,False
st_V2_st_j60_n_valid,3.8314176245213274e-05,8.567310258620454e-05,8.567310258620454e-05,0.0,0.00019157088122606636,False
st_V2_r_amplitude_min,3.7373126302366145e-05,0.0002115564951775231,0.00026404623781774655,-0.00027290448343072853,0.00045977011494255924,False
st_V2_st_j80_n_valid,3.31384015594279e-05,0.0002809523531124951,0.0005772581206212556,-0.0007309941520468044,0.0008966861598439439,False
st_V1_st_monotonicity_max,3.1323519526799495e-05,0.0001284417701796815,9.295235095374718e-05,-3.831417624520957e-05,0.00019493177387920705,False
st_V2_rs_ratio_median,3.118908382066928e-05,0.00020688497717616838,6.974091157895537e-05,0.0,0.0001559454191033464,False
morph_V1_second_hump_present_median,3.118908382066484e-05,7.951687350632115e-05,6.974091157894545e-05,0.0,0.0001559454191033242,False
sq_V4_max,3.118908382064856e-05,0.00032323676239547235,0.0005530018940038158,-0.0007017543859649588,0.0008576998050682016,False
morph_V3_saddleback_score_median,3.065134099618394e-05,0.0001650625228240422,6.853848206899341e-05,0.0,0.0001532567049809197,False
st_V1_high_takeoff_gt_2mm_n_valid,3.0651340996179496e-05,0.000154021082316042,6.853848206896072e-05,0.0,0.00015325670498085678,False
st_V2_r_amplitude_median,3.065134099617283e-05,0.00016619599647854473,0.00014181421856952184,-0.00011494252873562871,0.0002681992337164929,False
morph_V1_t_amplitude_mean,3.065134099617136e-05,0.00015402108231603133,6.853848206896527e-05,0.0,0.00015325670498085678,False
st_V2_st_j40_median,3.065134099617062e-05,7.814589292863027e-05,6.853848206896362e-05,0.0,0.0001532567049808531,False
hr_estimate_bpm,3.065134099617062e-05,0.00011023114794739814,4.9955573986230506e-05,0.0,0.00011494252873563981,False
st_V2_st_monotonicity_min,2.339181286550307e-05,7.017543859648947e-05,5.230568368421901e-05,0.0,0.00011695906432751535,False
morph_V1_t_polarity_median,2.339181286549345e-05,0.00015219665727830972,5.2305683684197494e-05,0.0,0.00011695906432746724,False
st_V3_st_slope_j20_j80_min,2.3358203938962024e-05,0.0018734877419032177,0.0009321531201119315,-0.0010964912280702177,0.0013255360623782,False
sq_I_max,2.31229414532604e-05,0.00029979748783922467,3.4345626202099605e-05,0.0,7.662835249048576e-05,False
morph_V1_t_mean_median,2.2988505747128703e-05,9.099112710374281e-05,5.140386155172437e-05,0.0,0.00011494252873564351,False
st_V3_high_takeoff_gt_2mm_std,2.298850574712796e-05,6.89655172413839e-05,5.1403861551722714e-05,0.0,0.00011494252873563981,False
st_V3_st_j40_j0_ratio_max,2.2988505747127223e-05,6.896551724138167e-05,5.140386155172107e-05,0.0,0.00011494252873563611,False
st_V1_st_j60_std,2.1929824561404134e-05,0.00011809571945470738,4.903657845394415e-05,0.0,0.00010964912280702066,False
sq_V5_std,2.1929824561404134e-05,0.00011809571945470738,4.903657845394415e-05,0.0,0.00010964912280702066,False
sq_II_baseline_drift,2.192982456139747e-05,0.00023585183925295031,4.903657845392925e-05,0.0,0.00010964912280698735,False
sq_V3_snr_proxy,1.6249915977698905e-05,0.0005578472264052267,0.00014630564942283544,-0.00010964912280702066,0.0002681992337165706,False
morph_V1_trough_depth_between_humps_median,1.559454191033168e-05,5.834943293214538e-05,3.487045578947106e-05,0.0,7.79727095516584e-05,False
st_V1_st_convexity_median,1.559454191033094e-05,5.834943293214556e-05,3.487045578946941e-05,0.0,7.79727095516547e-05,False
st_V1_r_amplitude_median,1.55945419103302e-05,0.00010344248858808318,3.487045578946776e-05,0.0,7.7972709551651e-05,False
st_V2_st_slope_j0_j40_median,1.532567049809567e-05,0.00014458208631504637,3.4269241034504984e-05,0.0,7.662835249047836e-05,False
st_V3_high_takeoff_gt_2mm_mean,1.4619883040936088e-05,5.4702593373889594e-05,3.2691052302629434e-05,0.0,7.309941520468044e-05,False
st_V3_st_j80_j0_ratio_max,7.79727095516769e-06,4.198958913944871e-05,1.7435227894739668e-05,0.0,3.898635477583845e-05,False
sq_V3_mean,7.79727095515955e-06,0.00023933573969402798,1.7435227894721467e-05,0.0,3.8986354775797745e-05,False
st_V1_st_slope_j20_j80_median,7.662835249054496e-06,0.0002876371552356108,1.7134620517267386e-05,0.0,3.8314176245272485e-05,False
st_V1_j_point_amplitude_median,7.662835249053758e-06,9.353682464165102e-05,1.7134620517238835e-05,0.0,3.8314176245220674e-05,False
morph_V3_trough_depth_between_humps_min,7.662835249041913e-06,4.126563070601027e-05,1.7134620517239248e-05,0.0,3.831417624520957e-05,False
st_V3_j_point_amplitude_std,7.309941520476926e-06,3.936523981824667e-05,1.634552615130975e-05,0.0,3.654970760234022e-05,False
st_V1_rs_ratio_min,7.309941520468044e-06,0.00013259033002352023,1.6345526151314717e-05,0.0,3.654970760234022e-05,False
st_V3_st_j20_median,7.309941520468044e-06,0.0001548948837749831,1.6345526151314717e-05,0.0,3.654970760234022e-05,False
st_V2_s_amplitude_std,7.259528130675689e-06,0.00024558575495296845,9.605146616079609e-05,-0.00011695906432748945,0.0001532567049808679,False
sq_I_range,6.822612085781719e-06,0.00012072006877592691,4.071461710369919e-05,-3.898635477577184e-05,7.309941520468044e-05,False
morph_V3_t_inversion_indicator_max,8.066142367546504e-07,0.00035325545398720093,0.000542239258863532,-0.0008771929824561653,0.0005363984674330192,False
st_V3_st_slope_j20_j80_n_valid,1.1102230246251566e-17,1.1102230246251566e-17,2.482534153247273e-17,0.0,5.551115123125783e-17,True
st_V1_st_j40_std,8.881784197001253e-18,1.0877919644084147e-17,1.9860273225978187e-17,0.0,4.4408920985006264e-17,True
morph_V1_trough_depth_between_humps_std,2.959871930885427e-18,0.00014035087719297843,8.27025475071831e-05,-0.00011695906432745614,0.00011695906432747094,False
st_V1_j_point_confidence_mean,7.401486830834376e-19,3.9858226401878765e-18,1.6550227688315153e-18,0.0,3.7007434154171884e-18,True
morph_V3_t_peak_value_n_valid,0.0,0.0,0.0,0.0,0.0,True
st_V2_st_slope_j20_j80_median,0.0,0.0,0.0,0.0,0.0,True
st_V2_st_slope_j20_j80_max,0.0,0.0,0.0,0.0,0.0,True
st_V2_st_slope_j20_j80_n_valid,0.0,0.0,0.0,0.0,0.0,True
st_V2_st_slope_j20_j80_min,0.0,0.0,0.0,0.0,0.0,True
morph_V1_t_peak_value_n_valid,0.0,0.0,0.0,0.0,0.0,True
morph_V1_t_mean_std,0.0,0.0,0.0,0.0,0.0,True
morph_V1_t_mean_n_valid,0.0,0.0,0.0,0.0,0.0,True
morph_V1_t_mean_min,0.0,0.0,0.0,0.0,0.0,True
morph_V1_t_inversion_indicator_std,0.0,0.0,0.0,0.0,0.0,True
morph_V1_t_mean_max,0.0,0.0,0.0,0.0,0.0,True
morph_V1_t_inversion_indicator_min,0.0,0.0,0.0,0.0,0.0,True
morph_V1_t_inversion_indicator_n_valid,0.0,0.0,0.0,0.0,0.0,True
st_V3_st_j60_mean,0.0,0.0,0.0,0.0,0.0,True
morph_V2_t_polarity_std,0.0,0.0,0.0,0.0,0.0,True
st_V3_s_amplitude_max,0.0,0.0,0.0,0.0,0.0,True
morph_V2_trough_depth_between_humps_median,0.0,0.0,0.0,0.0,0.0,True
st_V3_s_amplitude_median,0.0,0.0,0.0,0.0,0.0,True
st_V3_s_amplitude_min,0.0,0.0,0.0,0.0,0.0,True
st_V3_s_amplitude_n_valid,0.0,0.0,0.0,0.0,0.0,True
st_V3_s_amplitude_std,0.0,0.0,0.0,0.0,0.0,True
morph_V2_t_polarity_max,0.0,0.0,0.0,0.0,0.0,True
morph_V3_saddleback_score_mean,0.0,0.0,0.0,0.0,0.0,True
morph_V2_t_polarity_n_valid,0.0,0.0,0.0,0.0,0.0,True
morph_V2_trough_depth_between_humps_mean,0.0,0.0,0.0,0.0,0.0,True
morph_V3_second_hump_amplitude_mean,0.0,0.0,0.0,0.0,0.0,True
morph_V3_t_amplitude_median,0.0,0.0,0.0,0.0,0.0,True
st_V3_j_point_amplitude_n_valid,0.0,0.0,0.0,0.0,0.0,True
st_V3_j_point_confidence_max,0.0,0.0,0.0,0.0,0.0,True
sq_V2_min,0.0,0.0,0.0,0.0,0.0,True
st_V3_j_point_confidence_std,0.0,0.0,0.0,0.0,0.0,True
st_V3_j_point_confidence_median,0.0,0.0,0.0,0.0,0.0,True
st_V3_j_point_confidence_min,0.0,0.0,0.0,0.0,0.0,True
st_V3_j_point_confidence_mean,0.0,0.0,0.0,0.0,0.0,True
st_V3_rs_ratio_median,0.0,0.0,0.0,0.0,0.0,True
morph_V3_covedness_score_n_valid,0.0,0.0,0.0,0.0,0.0,True
morph_V3_high_takeoff_gt_1mm_min,0.0,0.0,0.0,0.0,0.0,True
morph_V3_trough_depth_between_humps_mean,0.0,0.0,0.0,0.0,0.0,True
morph_V3_t_polarity_median,0.0,0.0,0.0,0.0,0.0,True
st_V2_j_point_confidence_n_valid,0.0,0.0,0.0,0.0,0.0,True
st_V2_high_takeoff_gt_1mm_median,0.0,0.0,0.0,0.0,0.0,True
st_V3_st_j60_n_valid,0.0,0.0,0.0,0.0,0.0,True
morph_V1_second_hump_amplitude_min,0.0,0.0,0.0,0.0,0.0,True
st_V1_st_slope_j20_j80_mean,0.0,0.0,0.0,0.0,0.0,True
morph_V1_t_inversion_indicator_mean,0.0,0.0,0.0,0.0,0.0,True
st_V3_st_j80_j0_ratio_min,0.0,0.0,0.0,0.0,0.0,True
st_V3_st_j80_n_valid,0.0,0.0,0.0,0.0,0.0,True
st_V3_st_j80_min,0.0,0.0,0.0,0.0,0.0,True
st_V3_st_j80_median,0.0,0.0,0.0,0.0,0.0,True
st_V3_st_j80_j0_ratio_mean,0.0,0.0,0.0,0.0,0.0,True
st_V3_st_j80_j0_ratio_n_valid,0.0,0.0,0.0,0.0,0.0,True
morph_V1_t_inversion_indicator_median,0.0,0.0,0.0,0.0,0.0,True
st_V3_st_j80_j0_ratio_median,0.0,0.0,0.0,0.0,0.0,True
st_V3_high_takeoff_gt_1mm_min,0.0,0.0,0.0,0.0,0.0,True
st_V2_st_monotonicity_n_valid,0.0,0.0,0.0,0.0,0.0,True
st_V3_high_takeoff_gt_2mm_n_valid,0.0,0.0,0.0,0.0,0.0,True
st_V3_high_takeoff_gt_1mm_mean,0.0,0.0,0.0,0.0,0.0,True
st_V3_high_takeoff_gt_1mm_n_valid,0.0,0.0,0.0,0.0,0.0,True
st_V3_high_takeoff_gt_1mm_std,0.0,0.0,0.0,0.0,0.0,True
st_V3_high_takeoff_gt_2mm_max,0.0,0.0,0.0,0.0,0.0,True
st_V3_high_takeoff_gt_2mm_min,0.0,0.0,0.0,0.0,0.0,True
st_V2_st_slope_j20_j80_std,0.0,0.0,0.0,0.0,0.0,True
st_V3_st_convexity_max,0.0,0.0,0.0,0.0,0.0,True
st_V2_st_j40_j0_ratio_std,0.0,0.0,0.0,0.0,0.0,True
st_V2_st_j40_mean,0.0,0.0,0.0,0.0,0.0,True
morph_V2_t_polarity_median,0.0,0.0,0.0,0.0,0.0,True
morph_V2_t_polarity_mean,0.0,0.0,0.0,0.0,0.0,True
morph_V2_t_mean_max,0.0,0.0,0.0,0.0,0.0,True
morph_V2_t_mean_mean,0.0,0.0,0.0,0.0,0.0,True
st_V3_st_j60_max,0.0,0.0,0.0,0.0,0.0,True
st_V3_st_j40_j0_ratio_std,0.0,0.0,0.0,0.0,0.0,True
st_V2_st_curvature_sign_max,0.0,0.0,0.0,0.0,0.0,True
st_V3_st_j40_j0_ratio_n_valid,0.0,0.0,0.0,0.0,0.0,True
st_V2_st_convexity_n_valid,0.0,0.0,0.0,0.0,0.0,True
morph_V2_high_takeoff_gt_1mm_min,0.0,0.0,0.0,0.0,0.0,True
st_V1_rs_ratio_n_valid,0.0,0.0,0.0,0.0,0.0,True
st_V1_rs_ratio_std,0.0,0.0,0.0,0.0,0.0,True
morph_V2_second_hump_present_std,0.0,0.0,0.0,0.0,0.0,True
morph_V2_second_hump_present_min,0.0,0.0,0.0,0.0,0.0,True
st_V3_st_convexity_median,0.0,0.0,0.0,0.0,0.0,True
st_V3_st_convexity_min,0.0,0.0,0.0,0.0,0.0,True
st_V3_st_convexity_std,0.0,0.0,0.0,0.0,0.0,True
st_V3_st_convexity_n_valid,0.0,0.0,0.0,0.0,0.0,True
st_V2_st_j40_j0_ratio_max,0.0,0.0,0.0,0.0,0.0,True
st_V3_st_curvature_sign_median,0.0,0.0,0.0,0.0,0.0,True
morph_V2_second_hump_present_max,0.0,0.0,0.0,0.0,0.0,True
morph_V2_second_hump_amplitude_min,0.0,0.0,0.0,0.0,0.0,True
morph_V2_second_hump_present_median,0.0,0.0,0.0,0.0,0.0,True
morph_V2_second_hump_present_mean,0.0,0.0,0.0,0.0,0.0,True
st_V2_st_j40_j0_ratio_n_valid,0.0,0.0,0.0,0.0,0.0,True
st_V2_st_j40_j0_ratio_min,0.0,0.0,0.0,0.0,0.0,True
morph_V2_second_hump_amplitude_median,0.0,0.0,0.0,0.0,0.0,True
st_V2_st_j40_j0_ratio_median,0.0,0.0,0.0,0.0,0.0,True
st_V1_j_point_amplitude_n_valid,0.0,0.0,0.0,0.0,0.0,True
st_V1_j_point_amplitude_min,0.0,0.0,0.0,0.0,0.0,True
st_V1_high_takeoff_gt_2mm_min,0.0,0.0,0.0,0.0,0.0,True
st_V1_j_point_amplitude_max,0.0,0.0,0.0,0.0,0.0,True
morph_V2_t_polarity_min,0.0,0.0,0.0,0.0,0.0,True
st_V1_j_point_amplitude_std,0.0,0.0,0.0,0.0,0.0,True
st_V1_high_takeoff_gt_1mm_min,0.0,0.0,0.0,0.0,0.0,True
st_V2_st_area_above_baseline_median,0.0,0.0,0.0,0.0,0.0,True
st_V1_st_monotonicity_mean,0.0,0.0,0.0,0.0,0.0,True
st_V1_st_j80_max,0.0,0.0,0.0,0.0,0.0,True
st_V1_st_j80_min,0.0,0.0,0.0,0.0,0.0,True
st_V1_st_j80_std,0.0,0.0,0.0,0.0,0.0,True
morph_V1_trough_depth_between_humps_min,0.0,0.0,0.0,0.0,0.0,True
morph_V1_trough_depth_between_humps_mean,0.0,0.0,0.0,0.0,0.0,True
st_V3_st_j40_j0_ratio_min,0.0,0.0,0.0,0.0,0.0,True
st_V1_s_amplitude_median,0.0,0.0,0.0,0.0,0.0,True
st_V1_st_convexity_std,0.0,0.0,0.0,0.0,0.0,True
st_V1_st_convexity_n_valid,0.0,0.0,0.0,0.0,0.0,True
st_V1_st_convexity_min,0.0,0.0,0.0,0.0,0.0,True
st_V1_st_convexity_max,0.0,0.0,0.0,0.0,0.0,True
st_V1_st_area_above_baseline_mean,0.0,0.0,0.0,0.0,0.0,True
st_V1_st_area_above_baseline_median,0.0,0.0,0.0,0.0,0.0,True
st_V2_s_amplitude_median,0.0,0.0,0.0,0.0,0.0,True
morph_V1_covedness_score_median,0.0,0.0,0.0,0.0,0.0,True
st_V2_high_takeoff_gt_2mm_n_valid,0.0,0.0,0.0,0.0,0.0,True
st_V2_j_point_amplitude_mean,0.0,0.0,0.0,0.0,0.0,True
st_V2_high_takeoff_gt_2mm_mean,0.0,0.0,0.0,0.0,0.0,True
st_V2_high_takeoff_gt_2mm_median,0.0,0.0,0.0,0.0,0.0,True
st_V2_s_amplitude_n_valid,0.0,0.0,0.0,0.0,0.0,True
morph_V1_t_inversion_indicator_max,0.0,0.0,0.0,0.0,0.0,True
morph_V1_high_takeoff_gt_1mm_n_valid,0.0,0.0,0.0,0.0,0.0,True
morph_V3_t_mean_median,0.0,0.0,0.0,0.0,0.0,True
morph_V1_high_takeoff_gt_1mm_std,0.0,0.0,0.0,0.0,0.0,True
st_V3_st_monotonicity_median,0.0,0.0,0.0,0.0,0.0,True
st_V3_st_monotonicity_n_valid,0.0,0.0,0.0,0.0,0.0,True
st_V3_st_slope_j0_j40_max,0.0,0.0,0.0,0.0,0.0,True
st_V3_st_slope_j0_j40_median,0.0,0.0,0.0,0.0,0.0,True
st_V3_st_slope_j0_j40_min,0.0,0.0,0.0,0.0,0.0,True
st_V3_st_slope_j0_j40_n_valid,0.0,0.0,0.0,0.0,0.0,True
st_V3_st_slope_j0_j40_std,0.0,0.0,0.0,0.0,0.0,True
morph_V3_saddleback_score_min,-1.7644686428619517e-06,0.000283175124021242,0.00013236395273182172,-0.00019157088122601456,0.0001827485380117011,False
st_V2_r_amplitude_mean,-5.327014855133582e-06,0.00026354254610835745,0.00018625725123703164,-0.00025584795321638155,0.0002681992337164929,False
morph_V2_covedness_score_max,-7.3099415204576815e-06,3.936523981824686e-05,1.6345526151320507e-05,-3.654970760234022e-05,5.181040781584064e-17,False
st_V2_st_monotonicity_max,-7.309941520468044e-06,3.936523981823579e-05,1.6345526151314717e-05,-3.654970760234022e-05,0.0,False
morph_V2_t_inversion_indicator_min,-7.528399542914658e-06,0.0001982813749966975,4.215583075243009e-05,-7.662835249039694e-05,3.8986354775823644e-05,False
st_V1_high_takeoff_gt_2mm_max,-7.662835249031552e-06,0.00017288144325944437,1.713462051721608e-05,-3.831417624515776e-05,0.0,False
st_V1_st_j80_n_valid,-7.662835249033773e-06,4.126563070601676e-05,1.713462051724173e-05,-3.831417624520587e-05,3.700743415417188e-17,False
morph_V3_t_inversion_indicator_mean,-7.662835249036734e-06,0.0002011403026575738,1.7134620517227667e-05,-3.831417624518367e-05,0.0,False
morph_V3_high_takeoff_gt_1mm_n_valid,-7.662835249039694e-06,0.00011078032409809308,1.7134620517234284e-05,-3.831417624519847e-05,0.0,False
st_V3_st_j40_median,-7.662835249041913e-06,4.126563070601027e-05,1.7134620517239248e-05,-3.831417624520957e-05,0.0,False
st_V1_st_curvature_sign_median,-7.797270955158807e-06,0.000153786221624298,1.7435227894719807e-05,-3.898635477579404e-05,0.0,False
st_V1_rs_ratio_median,-7.79727095516621e-06,4.1989589139453104e-05,1.743522789473636e-05,-3.898635477583105e-05,0.0,False
st_V2_j_point_confidence_std,-9.578544061294969e-06,0.0005582964960867164,0.001198007464328908,-0.0013888888888889358,0.0018773946360153616,False
st_V2_j_point_confidence_min,-1.1292599314383827e-05,0.0003740367702390227,0.0006437244662899541,-0.0008771929824561653,0.0009356725146198526,False
st_V1_st_slope_j0_j40_min,-1.2099213551108141e-05,0.001149978258885015,0.0008871988912507442,-0.0014619883040936051,0.0009356725146198859,False
morph_V3_high_takeoff_gt_2mm_min,-1.4519056261324712e-05,0.001027155167670636,0.001212500947094606,-0.002046783625731015,0.0011695906432748167,False
morph_V2_second_hump_amplitude_n_valid,-1.4619883040935348e-05,5.470259337389358e-05,3.269105230262985e-05,-7.309941520468044e-05,3.7007434154171884e-18,False
st_V1_rs_ratio_mean,-1.4619883040936088e-05,0.00011229745245422259,3.2691052302629434e-05,-7.309941520468044e-05,0.0,False
st_V1_st_monotonicity_n_valid,-1.5325670498052004e-05,0.00027798248501482336,3.426924103443837e-05,-7.662835249031553e-05,5.551115123125783e-17,False
morph_V2_second_hump_present_n_valid,-1.5325670498083826e-05,5.7343408226418824e-05,3.4269241034478496e-05,-7.662835249041914e-05,0.0,False
st_V3_st_monotonicity_mean,-1.5594541910321318e-05,0.0001471186141451373,3.4870455789447895e-05,-7.797270955160659e-05,0.0,False
morph_V2_t_inversion_indicator_std,-2.07030987430253e-05,0.0002390749342177246,0.0005060407128428514,-0.0007662835249041914,0.0006627680311890649,False
sq_V6_std,-2.0787121059347625e-05,0.0004040702065795261,0.00017480312943332738,-0.00025584795321638155,0.00022988505747129073,False
morph_V3_t_inversion_indicator_min,-2.1392081736902516e-05,0.000516294714242614,0.00011993895915009617,-0.0001532567049807902,0.0001559454191033057,False
morph_V1_high_takeoff_gt_2mm_mean,-2.15769308328273e-05,0.0002369196367314666,7.161399024211699e-05,-0.00014619883040936087,3.8314176245224374e-05,False
sq_V2_range,-2.192982456139451e-05,0.0002144941630281024,4.9036578453957805e-05,-0.00010964912280703546,6.29126380620922e-17,False
st_V1_st_j80_j0_ratio_n_valid,-2.1929824561404873e-05,8.680074625027756e-05,4.9036578453945804e-05,-0.00010964912280702436,0.0,False
st_V2_st_slope_j20_j80_mean,-2.2719634334876412e-05,0.0002047476948060364,0.00010024749005211367,-0.00019157088122603676,7.79727095516547e-05,False
st_V2_st_j80_median,-2.2988505747096882e-05,0.00042849250203019936,0.0006374447308225339,-0.0009578544061301949,0.000842911877394692,False
st_V2_st_j80_j0_ratio_mean,-2.2988505747123523e-05,6.896551724137056e-05,5.1403861551712794e-05,-0.00011494252873561761,0.0,False
sq_V2_mean,-2.2988505747125003e-05,0.00012379689211803238,5.14038615517161e-05,-0.00011494252873562501,0.0,False
morph_V2_covedness_score_mean,-2.2988505747125742e-05,6.896551724137723e-05,5.1403861551717754e-05,-0.00011494252873562871,0.0,False
morph_V1_t_mean_mean,-2.3391812865484565e-05,0.0001637426900584808,5.230568368417763e-05,-0.00011695906432742283,0.0,False
morph_V3_t_inversion_indicator_std,-2.7290448343081734e-05,0.00028327385893153073,0.0005732452639598681,-0.0008771929824561653,0.0007407407407407566,False
morph_V2_high_takeoff_gt_2mm_n_valid,-3.619681387375673e-05,0.0003044603906278663,0.00010369263469226033,-0.0002192982456140376,3.831417624525398e-05,False
morph_V3_saddleback_score_std,-3.619681387376931e-05,0.00027745706961542627,0.00010369263469226283,-0.0002192982456140598,3.8314176245213274e-05,False
st_V2_st_j40_std,-3.831417624519107e-05,0.00027254282365944926,8.567310258615487e-05,-0.00019157088122595534,0.0,False
sq_V3_range,-4.019627613093045e-05,0.0004782044208128616,0.0003196618484594133,-0.0005458089668616569,0.0003448275862069861,False
sq_V6_baseline_drift,-4.061638771256425e-05,0.0004830200165716981,0.0007814671583714541,-0.0012792397660819077,0.0008812260536399053,False
morph_V3_second_hump_amplitude_min,-4.0784432345209636e-05,0.0003408591465149017,0.0002590993458842486,-0.00045977011494242973,0.00025584795321638155,False
morph_V3_t_amplitude_n_valid,-4.100289036767844e-05,0.0019982565149774876,0.0011287584869512438,-0.0008966861598439883,0.0019157088122605452,False
st_V3_s_amplitude_mean,-4.597701149424261e-05,0.00022524043611799144,0.00010280772310341565,-0.00022988505747121302,0.0,False
st_V2_st_monotonicity_std,-4.5977011494244084e-05,0.0001614659578981346,0.00010280772310343345,-0.00022988505747124633,2.590520390792032e-17,False
morph_V2_trough_depth_between_humps_std,-4.611144720035358e-05,0.0006374558305472441,0.0005815870284544737,-0.0006896551724137649,0.0005458089668615681,False
sq_V1_snr_proxy,-4.653155878201181e-05,0.0003669371609476991,0.0003691496175199875,-0.0006944444444444642,0.00022988505747127962,False
sq_V5_min,-4.953955770652164e-05,0.0005041745643033533,0.00024210695918130848,-0.00043859649122808265,0.00022988505747128702,False
st_V3_high_takeoff_gt_2mm_median,-5.116959064327631e-05,9.275275979861024e-05,0.00011441868305920302,-0.00025584795321638155,0.0,False
st_V1_st_curvature_sign_max,-5.1522484371840535e-05,0.00036693416491749445,0.00045685497255293464,-0.0006513409961685442,0.0006130268199233828,False
st_V1_st_area_above_baseline_max,-5.268199233714466e-05,0.000505990600861927,0.0005126311142215785,-0.000727969348658956,0.0006944444444444679,False
st_V2_st_j20_std,-5.458089668615606e-05,0.00026976592468349074,0.00012204659526315865,-0.0002729044834308173,3.700743415417188e-17,False
st_V1_st_j40_j0_ratio_max,-5.4580896686157545e-05,0.00022145200364021936,0.00010166397512987376,-0.0002339181286549863,0.0,False
st_V2_st_j80_j0_ratio_min,-5.458089668616199e-05,0.00021509729784224894,0.00012204659526318846,-0.0002729044834308766,6.661338147750939e-17,False
morph_V3_high_takeoff_gt_1mm_median,-5.847953216374435e-05,9.697733305133022e-05,0.00013076420921051774,-0.00029239766081872175,0.0,False
morph_V3_second_hump_amplitude_median,-5.953821334946448e-05,0.00015069314799795634,8.497767179283514e-05,-0.0001827485380117011,7.401486830834377e-18,False
sq_aVR_range,-5.9941520467839583e-05,0.00022142722426277207,8.531049392337743e-05,-0.0001827485380117011,2.960594732333751e-17,False
morph_V2_second_hump_amplitude_std,-6.13026819923353e-05,0.00010165899740552642,0.00013707696413791398,-0.00030651340996167654,0.0,False
st_V1_st_j40_j0_ratio_median,-6.170598911070006e-05,0.00025918842111288164,0.00011063045807736105,-0.00022988505747125742,3.8314176245213274e-05,False
sq_V6_mean,-6.237816764132227e-05,0.00017011636825942813,0.00013948182315787433,-0.0003118908382066114,0.0,False
sq_V2_std,-6.261343012704386e-05,0.00038537912604353464,0.0003647359801323732,-0.0006578947368421314,0.00034482758620691203,False
sq_I_baseline_drift,-6.266384351682958e-05,0.000936541224436218,0.0010601835996480616,-0.001877394636015269,0.0008576998050682349,False
sq_aVF_min,-6.654567453115545e-05,0.0003858291401606843,0.00014396708407826315,-0.00029239766081872175,7.662835249044135e-05,False
morph_V3_high_takeoff_gt_2mm_std,-6.79908583719624e-05,0.0012902519383607026,0.0003747155592017159,-0.0005068226120858074,0.0005116959064327557,False
morph_V2_t_amplitude_median,-6.815890300462852e-05,0.0004889399890950421,0.00047250316356383157,-0.0008771929824561653,0.00030651340996171725,False
st_V1_st_j60_median,-7.11164885393408e-05,0.0003350405416468089,0.0003618788471868617,-0.0006237816764132376,0.0003831417624521623,False
sq_V3_max,-7.556967130468271e-05,0.0005681781780802281,0.00026664778022862315,-0.0004980842911877059,0.00022988505747131293,False
morph_V2_high_takeoff_gt_1mm_std,-7.689722390266254e-05,0.00026461979770607926,0.00013272556149953127,-0.00030651340996164694,0.0,False
morph_V3_saddleback_score_n_valid,-7.733413994756244e-05,0.0003869363721675294,0.00021611873882795396,-0.00045977011494248156,7.309941520466934e-05,False
morph_V1_high_takeoff_gt_1mm_median,-7.743496672716122e-05,0.00025319419172506566,7.730696028744147e-05,-0.0001559454191033316,0.0,False
morph_V1_high_takeoff_gt_1mm_mean,-7.99220272904533e-05,0.00029464690732824473,0.0005925573242813823,-0.0010233918128655262,0.0006237816764132597,False
st_V1_st_slope_j0_j40_max,-8.28123949720842e-05,0.001162611033722551,0.0007078959724490194,-0.0009961685823754415,0.0008966861598440956,False
st_V1_st_j40_j0_ratio_n_valid,-8.402231632720285e-05,0.00021179758921184875,0.00023391716287919458,-0.0004980842911876689,7.79727095516547e-05,False
sq_aVR_snr_proxy,-8.560193587416887e-05,0.00030830853449361655,0.00033505005868008535,-0.000657894736842124,0.00022988505747127962,False
st_V2_j_point_amplitude_std,-8.576998050680758e-05,0.00017591445103591884,0.0001917875068420536,-0.00042884990253403793,0.0,False
morph_V2_covedness_score_median,-8.576998050682683e-05,0.00011272383855596591,0.0001917875068421008,-0.0004288499025341415,7.401486830834377e-18,False
st_V3_st_j60_min,-8.771929824561209e-05,0.00014546599957700426,0.0001961463138157791,-0.00043859649122808265,2.2204460492503132e-17,False
morph_V1_trough_depth_between_humps_max,-8.771929824561654e-05,0.00010743376064838808,0.0001961463138157766,-0.00043859649122808265,0.0,False
rr_std_ms,-8.913087315988312e-05,0.0008667226057298642,0.0007680014917021816,-0.0011494252873562353,0.0009961685823755414,False
st_V2_st_j60_min,-9.044162129460945e-05,0.00036657885374368116,0.0005268408601912115,-0.0009502923976608457,0.0004980842911877985,False
st_V3_j_point_amplitude_max,-9.195402298849779e-05,0.00014046209026684727,0.00020561544620685941,-0.00045977011494248893,0.0,False
morph_V3_t_polarity_std,-9.205484976808768e-05,0.000601271564207565,0.0007759411409095544,-0.0013409961685823682,0.0008040935672514848,False
morph_V2_covedness_score_min,-9.454191033138567e-05,0.000151394775887228,0.0002338064223204826,-0.0005116959064327631,3.898635477583475e-05,False
sq_V6_max,-9.457551925789937e-05,0.00029283877563101495,0.0007741252689159565,-0.001315789473684248,0.000842911877394692,False
morph_V3_t_peak_value_mean,-9.691133965178991e-05,0.00047410373065724393,0.00032401600045314766,-0.0006130268199232606,0.00023391812865497147,False
st_V2_st_slope_j0_j40_n_valid,-9.961685823753897e-05,0.00018470453322902918,0.000222750066724097,-0.0004980842911876948,0.0,False
morph_V1_second_hump_amplitude_std,-0.00010109565100488625,0.0005162891788845676,0.00024568313797592795,-0.00042884990253410824,0.00019157088122606636,False
st_V1_st_slope_j0_j40_n_valid,-0.00010304496874369667,0.00020909275805392475,0.0001904911143636582,-0.00043859649122808265,1.1102230246251566e-17,False
sq_aVF_baseline_drift,-0.00010727969348657939,0.0003142484597856623,0.00028466169534107846,-0.0006130268199233235,7.662835249042655e-05,False
sq_V5_baseline_drift,-0.00010727969348658531,0.00017541031635646647,0.0002398846872413462,-0.0005363984674329266,0.0,False
st_V3_st_slope_j20_j80_mean,-0.00010727969348658681,0.00011468681645283765,0.00023988468724134952,-0.000536398467432934,0.0,False
sq_V5_mean,-0.00010889292196007094,0.00017193941958471422,0.00020338038609597309,-0.0004678362573099726,3.700743415417188e-17,False
st_V1_st_j40_j0_ratio_min,-0.00010929622907842754,0.0004034589702229482,0.00026632931487943236,-0.0005847953216374584,3.8314176245268786e-05,False
morph_V2_t_inversion_indicator_n_valid,-0.00011112791557437904,0.0011589806573309327,0.001216241037050914,-0.0018713450292397868,0.0014424951267055786,False
morph_V2_t_inversion_indicator_max,-0.00011381662969686271,0.0008371313183951975,0.0006314281141732579,-0.0008406432748538399,0.0007797270955165247,False
morph_V3_second_hump_present_mean,-0.00011549707602340606,0.00042575987314937664,0.000327580004082341,-0.0006944444444444642,0.00011695906432743023,False
morph_V1_t_peak_value_median,-0.0001161524500907481,0.0007572537655085993,0.0004675876010657117,-0.0008187134502924113,0.00046783625730988375,False
st_V3_j_point_confidence_n_valid,-0.0001169590643274887,0.0002384430764663824,0.00026152841842103547,-0.0005847953216374435,0.0,False
st_V3_st_j80_mean,-0.00012260536398465063,0.0003991786763956823,0.0011501913156235074,-0.0019157088122604637,0.0013026819923371883,False
st_V2_s_amplitude_max,-0.0001226053639846662,0.000491474835198812,0.000365895368162842,-0.000766283524904173,0.00015325670498084198,False
st_V1_st_convexity_mean,-0.00012391611211937548,0.00024712171199881407,0.00029896381330020997,-0.000657894736842124,3.831417624524658e-05,False
morph_V1_t_polarity_mean,-0.00012673926194794942,0.0003726665799681469,0.00023091302747632166,-0.0003831417624520587,0.00011494252873566942,False
morph_V1_high_takeoff_gt_2mm_n_valid,-0.00012699132889694523,0.0005527547864464953,0.0009301076480965595,-0.0017178362573099903,0.0005847953216374657,False
st_V2_st_area_above_baseline_max,-0.00013026819923370292,0.00015344815627970861,0.0002912885487930706,-0.000651340996168559,4.4408920985006264e-17,False
morph_V1_saddleback_score_min,-0.00013040263493981462,0.00022717037034396134,0.00027032276162380675,-0.0006130268199232495,0.0,False
st_V2_st_convexity_min,-0.0001324695839214892,0.002025973338230246,0.001598899735745834,-0.0018713450292398496,0.002300194931773906,False
st_V3_st_j40_mean,-0.00013325939369496887,0.00036257777524766933,0.00030070191304479077,-0.000662768031189102,7.309941520468044e-05,False
sq_III_std,-0.00013384754990923916,0.0007754378937281316,0.0007554513745818409,-0.000881226053639735,0.0009356725146198971,False
st_V1_st_monotonicity_std,-0.0001433084627276893,0.0003925565984480309,0.0004802665975510684,-0.0008771929824561653,0.00042884990253416,False
morph_V2_t_mean_min,-0.00014987900786448996,0.0008692507148543154,0.0011358181976718325,-0.0019371345029240428,0.001187739463601567,False
sq_aVF_rms,-0.0001507864488808064,0.0003489818155959286,0.00016717117303947752,-0.0003831417624520328,0.0,False
morph_V1_high_takeoff_gt_2mm_median,-0.00015157625865430384,0.0013350940348752613,0.0012526941891712687,-0.0016081871345029846,0.0015594541910331494,False
st_V3_r_amplitude_std,-0.00015315587820123876,0.0006714472909174887,0.0005764828325701741,-0.0008040935672515033,0.0006513409961686293,False
st_V2_j_point_amplitude_median,-0.00015325670498083087,0.00028671704113210643,0.00034269241034477256,-0.0007662835249041618,7.401486830834377e-18,False
morph_V2_saddleback_score_median,-0.00015350877192982893,0.00015140581269889304,0.00034325604917760904,-0.0007675438596491446,0.0,False
st_V3_st_j40_std,-0.0001586005242992335,0.0004633461609456615,0.00018493525218457867,-0.0003654970760234022,0.0,False
sq_aVL_baseline_drift,-0.00015984405458088362,0.00047836222421075556,0.00044487591554079987,-0.0008771929824561653,0.0002681992337164929,False
st_V2_st_j80_min,-0.0001605498420380432,0.00042189836687585617,0.00037870705594288215,-0.0008040935672514848,0.00011494252873563981,False
morph_V1_second_hump_amplitude_n_valid,-0.00016091954022987427,0.00010534656770014223,0.0003598270308620235,-0.0008045977011493936,2.2204460492503132e-17,False
morph_V3_high_takeoff_gt_2mm_median,-0.00016374269005847635,0.00010719475309839142,0.0003661397857894321,-0.0008187134502923817,0.0,False
morph_V3_trough_depth_between_humps_std,-0.00016414599717684482,0.000486017465487946,0.0005968560047926645,-0.000996168582375434,0.00042884990253408233,False
st_V2_st_j80_mean,-0.00016797741480133318,0.0005637893085123021,0.0006780904900414364,-0.001111111111111059,0.0007309941520468044,False
st_V2_rs_ratio_max,-0.00016844793977279117,0.0006164143400635741,0.0008762338439383701,-0.000881226053639735,0.001286549707602358,False
sq_V3_std,-0.00016858237547892288,0.0002223300761480098,0.0003769616513792569,-0.0008429118773945995,0.0,False
st_V3_rs_ratio_min,-0.00017153996101364476,0.00017914001589304528,0.00038357501368417547,-0.0008576998050682275,3.7007434154171884e-18,False
sq_II_rms,-0.00018128654970759922,0.0002080991393575514,0.00047346757012601463,-0.0010233918128655262,0.00011695906432753015,False
morph_V1_second_hump_present_max,-0.00018150500773005246,0.0007211598577397187,0.00086276518597693,-0.001187739463601467,0.001059941520467796,False
st_V1_st_slope_j20_j80_std,-0.00018274853801169443,0.00017980078766447206,0.00040863815378287165,-0.0009137426900585055,3.3306690738754695e-17,False
st_V3_st_convexity_mean,-0.00018274853801170183,0.00021678032530386086,0.0004086381537828675,-0.0009137426900585055,0.0,False
st_V1_j_point_confidence_std,-0.00018461383343414408,0.0006973275288928673,0.0005202672085509483,-0.001111111111111048,0.00011494252873563981,False
morph_V3_second_hump_amplitude_std,-0.00018466424682397642,0.00026937099720999156,0.0010468663527188032,-0.0011695906432749315,0.0013793103448275963,False
morph_V3_high_takeoff_gt_1mm_mean,-0.00018469785575049892,0.00033696158197960664,0.0006786322661339214,-0.0013523391812865955,0.0004288499025341008,False
morph_V3_t_peak_value_std,-0.0001882435974994993,0.00014246648175401274,0.0005099662126226733,-0.0010964912280702066,0.00011695906432749315,False
morph_V3_covedness_score_std,-0.00018826040196275577,0.0004765878020709767,0.00029864757893033095,-0.0006513409961685479,3.898635477582735e-05,False
st_V3_st_slope_j20_j80_max,-0.00019298245614034852,0.0002828478705381544,0.0003173558725430519,-0.0007309941520468044,0.0,False
morph_V2_saddleback_score_min,-0.0001932513275525971,0.0008519071436100768,0.00038002780026172495,-0.0008576998050682312,7.662835249049316e-05,False
morph_V1_covedness_score_mean,-0.0001934697855750526,0.0004588469218223326,0.000303964288134366,-0.0006944444444444642,0.0,False
morph_V1_covedness_score_n_valid,-0.00019471331585669828,0.00041033949812507576,0.0005690779927433895,-0.0012061403508772236,0.00015594541910329457,False
st_V1_st_j40_j0_ratio_std,-0.00019736842105263719,0.00015350877192982893,0.00044132920608549737,-0.000986842105263186,0.0,False
st_V2_st_j20_mean,-0.0001990992807689588,0.00036687132144782995,0.0004672985918362193,-0.0010344827586206214,3.898635477582735e-05,False
sq_III_max,-0.00019983867715264318,0.0002568263406637043,0.0003188282432839448,-0.0007309941520468044,0.0,False
morph_V1_t_amplitude_min,-0.00020125025206694684,0.00031238277742739903,0.0002619848052098775,-0.0005458089668616421,0.0,False
sq_aVR_min,-0.0002017879948914181,0.0007814670039613959,0.000866429573769007,-0.0012475633528265936,0.0006896551724138722,False
sq_aVL_min,-0.00020224171539961737,0.000444028693358124,0.0002887709620065679,-0.0006213450292398171,0.0,False
st_V2_st_j20_min,-0.00020474558042615402,0.0007544833258462723,0.000704026328733374,-0.001169590643274887,0.0005747126436781954,False
st_V1_st_slope_j20_j80_n_valid,-0.00020486321166901595,0.00048242243255431196,0.0004936217493202769,-0.0010599415204678663,0.00019157088122606636,False
st_V1_j_point_confidence_max,-0.00020530012771393362,0.0006419400825986395,0.0004260329307137531,-0.0008576998050682757,0.00019493177387913674,False
cl_mean_st_j40_v1v3,-0.00020906432748538797,0.00022871745898196124,0.00031097766231694775,-0.0006944444444444642,0.0,False
st_V1_st_j60_mean,-0.0002105263157894699,0.00019430699094545478,0.00047075115315784203,-0.0010526315789473495,0.0,False
st_V3_st_curvature_sign_max,-0.00021091281844457595,0.0003618477794915805,0.0010223118812170318,-0.0019371345029240317,0.0008045977011494935,False
morph_V2_t_inversion_indicator_mean,-0.00021269409155072098,0.0003189739662406555,0.0004340320731877831,-0.000986842105263186,0.0,False
morph_V2_trough_depth_between_humps_max,-0.00021590374403440764,0.0009417681562116731,0.0018249920308280904,-0.0034099616858237,0.0009356725146198675,False
morph_V3_high_takeoff_gt_1mm_std,-0.00021929824561404133,0.00011324512708209144,0.0004903657845394415,-0.0010964912280702066,0.0,False
morph_V1_t_polarity_std,-0.0002212139544262929,0.0007985570213952081,0.0005295681457356205,-0.0008429118773945736,0.00031189083820658915,False
st_V2_st_slope_j0_j40_mean,-0.00022423875781407032,0.0003691711134492392,0.00038395388399445384,-0.0006896551724138018,0.0001532567049808531,False
morph_V2_high_takeoff_gt_1mm_n_valid,-0.00022660818713450938,0.00018333240064305275,0.0005067113106907563,-0.001133040935672547,0.0,False
st_V2_rs_ratio_min,-0.00023754789272029562,0.001036358892826245,0.001115892241532453,-0.0021442495126705557,0.0007662835249042469,False
st_V1_st_monotonicity_min,-0.00023815285339786238,0.0002159984024429999,0.0003399106871713367,-0.0007309941520468044,7.401486830834377e-18,False
morph_V3_t_mean_std,-0.00023830409356726166,0.00040175308430550374,0.0006713137638663968,-0.0014254385964912798,0.00023391812865490856,False
st_V1_st_j80_mean,-0.00024342945486321467,0.00039627137875853594,0.0004277125060192511,-0.0009502923976608457,7.797270955164359e-05,False
morph_V2_t_amplitude_max,-0.00024589971096322286,0.0005338045803800365,0.0007330048405327761,-0.0012792397660819077,0.0006627680311891204,False
st_V3_st_area_above_baseline_median,-0.00024625260469181087,0.0010860747280234285,0.0017354201809738727,-0.002962962962963034,0.0015708812260537255,False
sq_III_mean,-0.00024759696175304487,0.0007326248166856141,0.0007046381323395603,-0.001242690058479571,0.0007017543859649441,False
st_V2_st_monotonicity_mean,-0.00024773139745916254,0.0009618760744382214,0.0009152201639353497,-0.0013409961685822832,0.000974658869395606,False
morph_V1_second_hump_amplitude_max,-0.0002524198427102098,0.0005591371445964153,0.00043066357839176473,-0.0008406432748538251,0.00015325670498087898,False
st_V3_st_j40_max,-0.0002541507024265588,0.0005488261418426628,0.0013411559994057087,-0.00256704980842906,0.0008576998050681943,False
morph_V3_high_takeoff_gt_1mm_max,-0.00026053639846741473,0.00018518078120452098,0.0005825770975861382,-0.0013026819923371217,4.810966440042345e-17,False
sq_I_mean,-0.00026672044094912635,0.0008602016577478206,0.0012063847657904662,-0.002046783625731056,0.0008812260536398645,False
morph_V2_saddleback_score_n_valid,-0.00026819923371645293,0.00027340187528200816,0.0004334754214170244,-0.0009961685823754488,0.0,False
sq_III_noise_energy,-0.00026856893190831956,0.0009455596846915637,0.002040667017253909,-0.0033528265107213443,0.0023754789272031488,False
morph_V2_high_takeoff_gt_2mm_std,-0.0002694091550715694,0.0004918784394768511,0.0004337511339712021,-0.000996168582375434,0.0,False
st_V2_rs_ratio_n_valid,-0.0002768535322981617,0.0005703322017199324,0.00041835170306039416,-0.000996168582375408,3.8314176245213274e-05,False
st_V3_st_curvature_sign_std,-0.00027707199032062687,0.0003772330307508805,0.0006714678975295859,-0.0014619883040936088,0.00019157088122607376,False
morph_V1_high_takeoff_gt_2mm_std,-0.00028315520602271977,0.0012631292428543683,0.0010971470884679681,-0.0016764132553607203,0.0011695906432748723,False
st_V1_high_takeoff_gt_2mm_median,-0.00028377697116354516,0.0005734276487847341,0.000390743465384008,-0.0007675438596491705,0.0,False
sq_V2_snr_proxy,-0.00028411306042885073,0.00036966556953626286,0.0004147872069584412,-0.0009137426900585092,0.0,False
morph_V3_covedness_score_min,-0.0002850877192982537,0.00027243633265474786,0.0006374755199012739,-0.0014254385964912685,0.0,False
st_V2_st_j40_min,-0.000288078913759493,0.0010010795123260145,0.0005865654278485256,-0.001059941520467859,0.0005068226120857555,False
st_V1_s_amplitude_std,-0.0002942797607044434,0.0006333401648505898,0.0005369996376799641,-0.0008966861598441252,0.0002681992337164892,False
st_V2_r_amplitude_n_valid,-0.0003035558244269546,0.00042736976531431716,0.0005967994537153277,-0.001364522417153972,1.4802973661668754e-17,False
st_V1_s_amplitude_max,-0.00030614371176984623,0.0002606733336836036,0.0004559067360063457,-0.0008045977011493936,7.797270955164729e-05,False
st_V2_high_takeoff_gt_1mm_n_valid,-0.0003074544599045311,0.00016790179435989837,0.0005478278942491211,-0.0012643678160919158,0.0,False
morph_V1_saddleback_score_max,-0.00030918531962089563,0.0010240614657914143,0.0008953644331697316,-0.0011695906432749425,0.001034482758620736,False
st_V2_st_slope_j0_j40_max,-0.0003093533642535352,0.0008791474032052215,0.0025316353194811043,-0.004559386973180017,0.0020306513409961997,False
morph_V1_saddleback_score_std,-0.00031417624521071924,0.0007190903077412186,0.0003681169015083621,-0.0008771929824561653,0.0,False
st_V1_j_point_confidence_median,-0.00032320024198424796,0.0007258341574284193,0.000744140748852636,-0.001379310344827526,0.0005747126436782397,False
morph_V3_t_peak_value_min,-0.00032597297842305845,0.0005236104048746644,0.0005702509422465675,-0.0013026819923371107,3.8314176245220674e-05,False
st_V1_st_j40_max,-0.00032654433017409673,0.0005725499114333022,0.0003747304578065329,-0.0008966861598440808,0.0,False
morph_V1_second_hump_present_std,-0.00033444242790881505,0.00101391392796397,0.001029990315116082,-0.0016475095785440117,0.0011695906432749278,False
morph_V2_high_takeoff_gt_1mm_max,-0.00033625730994153003,0.0001766527189122063,0.000751894202960477,-0.0016812865497076502,0.0,False
morph_V1_covedness_score_max,-0.0003392316999394928,0.0004589056718045711,0.0009931878001612098,-0.0021052631578947173,0.00025584795321638155,False
st_V2_high_takeoff_gt_1mm_mean,-0.0003392821133292608,0.001028273034920021,0.0008033135812600875,-0.0013409961685822795,0.0005363984674330302,False
morph_V1_t_polarity_min,-0.00034119782214156496,0.0004886855016803403,0.0005180699324246368,-0.0011695906432749167,0.0,False
st_V3_st_j40_n_valid,-0.0003508771929824654,0.0003823595564509457,0.0007845852552631047,-0.001754385964912327,0.0,False
st_V2_st_j20_max,-0.00035558244269677064,0.0012950209378618006,0.001601522726682542,-0.0031189083820663582,0.0010344827586207471,False
morph_V2_t_amplitude_std,-0.00035953149156413343,0.0010086006917045917,0.0012694407687139813,-0.002452107279693409,0.0008406432748538251,False
morph_V3_second_hump_amplitude_max,-0.0003597331451233339,0.0006074721609279569,0.0009073262166945912,-0.001352339181286588,0.0007797270955165951,False
morph_V1_t_peak_value_max,-0.00036208576998051435,0.0003034999766495579,0.0006494924062956703,-0.0014985380116959454,0.0,False
st_V2_j_point_confidence_median,-0.000376705653021443,0.0011522981612079844,0.0010141040594924395,-0.001598440545808962,0.0005747126436781991,False
st_V3_rs_ratio_mean,-0.0003789742555622737,0.000981471682706946,0.0005276358276684597,-0.0011695906432749093,0.00019493177387913674,False
morph_V3_second_hump_present_std,-0.00038073872420513633,0.0010513179009108233,0.001800761645276886,-0.003295019157088034,0.0013255360623781003,False
st_V2_j_point_amplitude_n_valid,-0.0003877125764603025,0.0005728714144839505,0.0009795151284987976,-0.0020467836257310524,0.000498084291187791,False
st_V2_st_area_above_baseline_std,-0.00039080459770113026,0.00024616560764366283,0.0007519736659216218,-0.0017241379310343936,0.0,False
sq_V3_baseline_drift,-0.0004006184042481616,0.0004691037420350078,0.0011870828904722022,-0.0023391812865497666,0.000842911877394692,False
st_V3_st_curvature_sign_min,-0.00040688646904618814,0.0005297542275555049,0.0010660980283102128,-0.0023026315789474337,0.0002681992337164929,False
morph_V1_t_peak_value_mean,-0.0004083820662768134,0.0003451644616235219,0.0004510944057333605,-0.0009502923976608457,0.0,False
st_V3_r_amplitude_n_valid,-0.0004291859917993997,0.0012489652487808144,0.0014544012391866522,-0.002777777777777816,0.0009356725146199044,False
st_V2_st_j80_j0_ratio_max,-0.0004521072796934574,0.0005814696505764745,0.0006227674413265365,-0.001226053639846684,4.810966440042345e-17,False
st_V1_st_monotonicity_median,-0.00045977011494249717,0.0002278324712232759,0.0006575096667329186,-0.001417624521072669,0.0,False
morph_V1_saddleback_score_mean,-0.00046647509578544056,0.0005108299766815024,0.0015112107505947671,-0.0028143274853801897,0.0012865497076023655,False
morph_V2_t_peak_value_n_valid,-0.00046894535188546507,0.0011480631292481293,0.0019079244095472838,-0.003547758284600344,0.0016764132553605464,False
st_V2_st_j20_median,-0.0004709450830140612,0.0007122516050532393,0.0012728003354458065,-0.0027412280701754905,0.00019493177387911823,False
sq_V4_snr_proxy,-0.000479498554816149,0.0016980008591567486,0.0015680645266390558,-0.003001949317738865,0.001226053639846795,False
cl_max_st_j40_v1v3,-0.0005038650265510794,0.0006275019759052281,0.0007398998267736839,-0.0016764132553607424,0.0,False
sq_aVR_std,-0.0005202493782348805,0.000398095765670575,0.0006233920925321595,-0.001352339181286588,7.662835249042655e-05,False
morph_V3_t_peak_value_median,-0.0005268031189083922,0.00033883082458166205,0.0011562967893929605,-0.002595029239766137,0.0,False
morph_V3_t_mean_mean,-0.0005630335417086559,0.0016101264433565359,0.0004315624435890657,-0.001226053639846673,-0.00011494252873559911,False
morph_V2_t_amplitude_n_valid,-0.0005701754385964926,0.0005208044775016779,0.0012749510398025478,-0.0028508771929825222,5.921189464667501e-17,False
st_V3_st_area_above_baseline_std,-0.0006081535255763937,0.0016413425361424343,0.0029548065707250735,-0.0054580896686160394,0.001988304093567313,False
st_V2_st_slope_j0_j40_std,-0.0006132284734825426,0.000929546227810372,0.0010591439701828139,-0.002027290448343037,0.0007407407407407196,False
morph_V3_trough_depth_between_humps_max,-0.0006336963097398633,0.0007347057988756503,0.0008846070418276476,-0.001827485380117022,0.0,False
morph_V1_covedness_score_std,-0.0006431236136317782,0.0010553118425644752,0.002319159135854716,-0.0039839181286550176,0.0023391812865497003,False
sq_V2_max,-0.0006532399005175697,0.0008927057455893931,0.0008397339008729997,-0.0018323586744638928,0.00015594541910329457,False
st_V1_st_j20_mean,-0.0006604322107951759,0.0012568450160352904,0.00264038186738596,-0.0051072124756335125,0.0014985380116958565,False
st_V3_st_j20_std,-0.0006725650332728161,0.000670543653922769,0.0008876670011444472,-0.0019923371647509163,0.0,False
morph_V1_covedness_score_min,-0.0006871345029239835,0.0005514200123938723,0.0015364794582235718,-0.003435672514619947,2.960594732333751e-17,False
morph_V3_t_inversion_indicator_n_valid,-0.0007443368958795553,0.0007197094136986378,0.0020885206747034853,-0.004459064327485463,0.0005458089668616199,False
st_V1_st_j40_median,-0.0007469583921489352,0.0011986507782697953,0.002572114329470867,-0.005302144249512634,0.0008429118773946476,False
st_V3_st_j40_j0_ratio_median,-0.0007476305706795798,0.0006493295464789835,0.0011938407907642389,-0.002850877192982515,0.0,False
morph_V3_t_polarity_min,-0.0007660818713450368,0.0005008979771216355,0.0010712294684732055,-0.002222222222222218,0.0,False
st_V3_r_amplitude_max,-0.0008040935672514862,0.0005224432798483584,0.0012512604363029175,-0.002850877192982478,0.0,False
st_V2_j_point_amplitude_max,-0.0008064125831820805,0.0014294473745933944,0.0019737167904560903,-0.0036549707602339778,0.0012260536398468358,False
st_V2_st_curvature_sign_median,-0.0008124621899576613,0.0010353020346994687,0.0018379442658888205,-0.0037037037037037646,0.0010136452241715332,False
morph_V2_trough_depth_between_humps_n_valid,-0.0008134704577535638,0.001541972813234762,0.0033899418921523416,-0.006781609195402257,0.0014814814814814391,False
st_V2_rs_ratio_mean,-0.0008192007797271058,0.0005557041373546517,0.001810073320304774,-0.004057017543859698,0.0,False
st_V2_st_convexity_std,-0.0008948040599583198,0.0013191154054425654,0.0016455926722807556,-0.0029501915708811627,0.0006627680311890057,False
st_V1_st_curvature_sign_std,-0.0009408146803791236,0.00168170983982184,0.0025251505944078505,-0.005380116959064403,0.0006896551724138277,False
st_V2_st_j60_median,-0.0010275593197553016,0.0011628130051644376,0.001359320535179697,-0.0033625730994152484,8.511709855459534e-17,False
morph_V2_high_takeoff_gt_1mm_median,-0.0010467836257310032,0.0008690930722371395,0.0020251760228532506,-0.004532163742690098,0.0003898635477583031,False
morph_V2_t_peak_value_median,-0.00108024131209247,0.001551111831467805,0.002511795443747818,-0.005380116959064292,0.001111111111111196,False
morph_V1_high_takeoff_gt_1mm_min,-0.0011533743362237107,0.0008445897166014661,0.0020376445122986127,-0.0047149122807018185,0.0,False
morph_V3_second_hump_present_min,-0.0012992706862942666,0.001425372141948299,0.0013214639331682965,-0.003274853801169549,-0.00011494252873562871,False
sq_I_noise_energy,-0.0023534482758620833,0.0018391115307346123,0.007304310290953689,-0.015314327485380167,0.0022605363984675164,False
