feature,mean_abs_shap,mean_shap,std_shap,shap_rank
morph_V1_t_amplitude_std,0.16922768395370993,-0.0019330972199874757,0.19553158521992353,1
morph_V2_trough_depth_between_humps_min,0.16544787590376536,0.003108514461630407,0.1906725216689376,2
st_V1_st_slope_j20_j80_min,0.14228199295956154,-0.013063669150423248,0.1846530567561082,3
st_V2_st_convexity_max,0.1413938278132554,0.006512882982748847,0.17266857387327755,4
st_V2_st_curvature_sign_mean,0.1291164158222415,0.01856359269460036,0.1672487593706589,5
morph_V2_saddleback_score_max,0.11266502783578443,0.00047539418454044626,0.1638670523450757,6
morph_V3_t_amplitude_min,0.09884336120118678,-0.007245091327033758,0.12768068271575958,7
morph_V1_t_amplitude_n_valid,0.09491579231094131,0.0073465498454083926,0.120256586386991,8
st_V1_st_curvature_sign_n_valid,0.09270604260229905,0.0043943903230890275,0.13287169599111207,9
st_V3_st_area_above_baseline_n_valid,0.09032959357428055,0.004018678091993676,0.15222875679683845,10
st_V3_st_curvature_sign_mean,0.08542334505572358,0.01609208953214074,0.13050601887361585,11
sq_V4_snr_proxy,0.08288849878146698,0.0009434760978814786,0.09206293494380295,12
st_V1_st_curvature_sign_min,0.08272317256121033,0.0027430743671576756,0.09903344186710508,13
st_V3_st_slope_j20_j80_min,0.08030770426163236,-0.00197410481300761,0.09338531085028567,14
morph_V3_t_amplitude_n_valid,0.07984239066007785,-0.0008303896874829352,0.12073498408990652,15
morph_V2_t_inversion_indicator_n_valid,0.07810299553302273,-0.0179805808784004,0.1153744257688035,16
st_V1_st_j40_median,0.07707391583586504,0.005733153212253648,0.11764203964818738,17
st_V3_st_area_above_baseline_std,0.07478649991119313,0.001080999846028863,0.11005945003881358,18
sq_V5_snr_proxy,0.06988745822106836,0.003631333815980674,0.07942373499884708,19
morph_V3_second_hump_present_min,0.06884941022980381,0.0017830893560184407,0.11679487392878021,20
st_V3_st_j40_j0_ratio_mean,0.06865799228046293,-0.002596510769119482,0.15450707057465002,21
sq_V4_noise_energy,0.06858444198265609,0.0016716111972979312,0.11015798709643211,22
st_V1_s_amplitude_mean,0.06857809248041698,0.003100978321993607,0.09621858899904276,23
st_V2_st_j20_max,0.06786637818944935,0.008064904427553502,0.08116202525166,24
morph_V1_trough_depth_between_humps_n_valid,0.06707116280975503,-0.0003550127670156253,0.07890170912594276,25
st_V2_st_convexity_min,0.06632359059483897,0.01270705329346633,0.08997145406854203,26
sq_II_noise_energy,0.064689165485552,0.004768468504842134,0.08021957362716003,27
st_V3_st_area_above_baseline_max,0.06289320016156663,0.0036916143547220115,0.07820735592838036,28
st_V1_st_slope_j0_j40_min,0.06218403780848918,0.0061052102839622814,0.10083633683463857,29
morph_V2_t_peak_value_max,0.059936325413318566,-0.006059786622340638,0.10031715507883689,30
morph_V2_trough_depth_between_humps_n_valid,0.059898987810573824,-0.00220041386300785,0.09278327075233185,31
st_V2_st_convexity_mean,0.059119603409869284,0.0016787138815966649,0.08969014111616726,32
st_V1_st_slope_j0_j40_std,0.056814902330653776,0.000853662856728773,0.08182880823804213,33
st_V1_st_j20_median,0.05659961267713117,0.0032383330566834235,0.09268540718356554,34
morph_V3_t_amplitude_mean,0.05618657874890162,-0.009614936702271546,0.10323680723601017,35
morph_V3_high_takeoff_gt_2mm_std,0.05586119039197122,-0.0044656107152142455,0.07826722995720856,36
st_V1_st_j80_median,0.05444380542238371,0.0016280034938172805,0.08573468013090615,37
morph_V1_high_takeoff_gt_2mm_max,0.053353853252557266,0.0001885023869486869,0.08210069206589264,38
st_V1_st_j80_j0_ratio_max,0.05329930946497711,0.0037545080983770185,0.09860684575681777,39
morph_V1_second_hump_present_n_valid,0.051103083711353504,0.001245012395975475,0.06992835749907882,40
st_V2_st_j60_mean,0.04903965903107412,-0.000347456854432003,0.06708371703758774,41
morph_V3_saddleback_score_max,0.04885173444763161,-0.0014844771341315686,0.06813716026380416,42
st_V2_high_takeoff_gt_1mm_mean,0.04850463912352793,-0.004285877097305677,0.08139447807729548,43
morph_V1_second_hump_present_std,0.0482339819310779,0.004371355725304784,0.06596413479883649,44
morph_V1_t_amplitude_max,0.048200053203101806,0.010498310724432402,0.07977680163819839,45
morph_V2_high_takeoff_gt_1mm_mean,0.04666731588080646,-0.00014233826585217412,0.0711256019631111,46
st_V1_st_j20_mean,0.04624935538179594,-0.0017741061115673414,0.07611934620143734,47
sq_II_max,0.04528927317569054,0.005621936740251086,0.06268291911309407,48
morph_V3_t_mean_max,0.04478934316703474,0.0027642803420838847,0.06429663500010707,49
st_V1_st_area_above_baseline_n_valid,0.04478066271736691,0.00850409432735097,0.06052097509102796,50
morph_V2_t_peak_value_median,0.04438516057966168,0.006409390951216874,0.06843475911462972,51
morph_V3_high_takeoff_gt_2mm_min,0.043741318586977676,-0.0009061085426610303,0.05681450592988251,52
st_V2_j_point_amplitude_max,0.043590542157417894,0.0017730099825539877,0.06821105166351718,53
morph_V2_t_amplitude_std,0.04346063579096566,-0.0046906640641801835,0.05980261217591897,54
morph_V1_t_amplitude_median,0.0433663629870329,0.0010310120728237741,0.0653706423752386,55
sq_aVF_rms,0.04312178671084209,0.003707559174914462,0.09113039747722308,56
morph_V3_t_amplitude_std,0.04169946612954424,0.001710952883201447,0.06772789619055342,57
sq_III_snr_proxy,0.04065001285668284,0.0035179737824998073,0.06373679096128358,58
st_V3_st_j20_min,0.04056228121763128,0.007510322438727441,0.06155993144922762,59
st_V3_rs_ratio_n_valid,0.040516961862059844,0.0009914770567617612,0.07112487677503695,60
st_V1_st_j40_mean,0.03980590375359669,0.0018019638446444518,0.07232286890035511,61
sq_V4_mean,0.03966848433470561,0.000700101299152367,0.0633868602098523,62
sq_V2_max,0.03908004131173253,0.0006576253124833049,0.06793100335355275,63
morph_V1_covedness_score_min,0.03770188530309241,0.0033940443584628776,0.06288221156509043,64
st_V1_st_curvature_sign_mean,0.037608784262678406,-0.0010055825068967016,0.053323802974814316,65
st_V1_st_curvature_sign_std,0.03728299617161844,0.0007624053588706638,0.07979162417543167,66
sq_aVF_noise_energy,0.0363945396357413,-0.004039282141248214,0.05108763223625866,67
rr_std_ms,0.03606126499836928,0.00402808919692664,0.0586718098646478,68
morph_V1_high_takeoff_gt_2mm_std,0.03507211140458296,0.0018691199246316686,0.050296352066756034,69
st_V2_st_convexity_std,0.035035096088978486,0.006982243052676063,0.0807238313604789,70
morph_V1_high_takeoff_gt_2mm_median,0.03490887554562533,0.0024825726492592112,0.06107353134361297,71
st_V2_st_convexity_median,0.034533658907184295,0.00041652600818441047,0.06498742846171152,72
st_V3_st_j20_n_valid,0.03433499313075059,0.0008122405220469748,0.045576294984224615,73
morph_V2_t_peak_value_n_valid,0.0341240766631906,0.0022511315717523616,0.06496286549685823,74
st_V3_st_j80_std,0.03400501754440842,-0.0030696783332120883,0.07294616428727506,75
morph_V2_saddleback_score_std,0.03375274067573994,-0.0015017457596172635,0.0479263774009404,76
st_V1_st_j80_mean,0.033740287554782554,0.010301100700322715,0.07752227198295283,77
sq_aVF_mean,0.03328564664967913,0.0023786535396974257,0.07402068972709852,78
st_V1_st_j80_j0_ratio_std,0.03278996856559895,0.0054706381172064875,0.05349457139718592,79
morph_V3_trough_depth_between_humps_max,0.03271969499210144,0.00462910248726071,0.05164788285489988,80
st_V3_st_j40_std,0.03266091271106039,0.0006292326093623188,0.05165947969189086,81
st_V2_st_monotonicity_mean,0.032573614393126143,-9.465808054617119e-05,0.07125478920895145,82
morph_V2_t_peak_value_std,0.03192686468830712,-0.003872276836561702,0.04885174414061534,83
morph_V2_high_takeoff_gt_2mm_max,0.03185083147153749,-0.003944848700382912,0.08112337559220215,84
st_V2_s_amplitude_mean,0.03136808304497124,0.0020210097532991373,0.07936815406620976,85
st_V2_st_j40_min,0.031138421536805492,0.0022841623610722114,0.04317862971967225,86
sq_V6_max,0.03107940345822983,-0.002597638661857736,0.05853959203757826,87
morph_V1_t_polarity_min,0.031030298438148928,0.002147757925308667,0.04688335047108597,88
morph_V2_saddleback_score_min,0.030149225105670037,-0.003428528239378411,0.05294392442672596,89
morph_V1_second_hump_present_mean,0.030116803030067776,0.001552268337091482,0.0635356501939905,90
st_V1_st_j40_max,0.029309794015197194,0.0023113551699959186,0.050738169186679095,91
st_V1_st_j20_max,0.02924887582392893,0.000185853214806184,0.0460202317690022,92
st_V2_high_takeoff_gt_2mm_std,0.028873765153127895,0.003403701234927025,0.05053609810083837,93
sq_V1_min,0.028486147161249874,0.00011598818427460865,0.05266121322531047,94
st_V2_st_curvature_sign_min,0.02833698210542499,0.003607191263926389,0.04499635350503613,95
morph_V1_saddleback_score_mean,0.02765677804876497,-0.0019208691017214773,0.05905479250374273,96
morph_V3_second_hump_present_std,0.027620291574332146,-0.003657311026735575,0.05621980146495783,97
morph_V3_trough_depth_between_humps_n_valid,0.027598874010812707,0.0024431988050437636,0.05246917063264339,98
st_V1_st_slope_j0_j40_mean,0.026999004109565027,-0.0035190373198347247,0.04422242424468597,99
morph_V1_high_takeoff_gt_1mm_min,0.02566473907000862,0.004570101875498819,0.05049154180498388,100
st_V3_st_j40_n_valid,0.02557821318419961,0.0031840074706319804,0.0519925078629577,101
sq_I_snr_proxy,0.025436751802064478,0.006153541163236059,0.04781175413015942,102
morph_V2_high_takeoff_gt_2mm_n_valid,0.02541048960490844,0.00042179146019571804,0.07244146922756248,103
st_V1_s_amplitude_std,0.025004375553471795,0.005470420446031334,0.044992996256492876,104
sq_aVL_std,0.02500000550285923,-0.0003091823907194713,0.047913498899616054,105
sq_V4_rms,0.02499341867689666,0.00138557709953632,0.04334733965285964,106
morph_V3_high_takeoff_gt_2mm_n_valid,0.02447082905278386,0.0021220273785703737,0.042078114351107136,107
st_V1_high_takeoff_gt_1mm_max,0.024365203720684205,-0.0033164713174597448,0.05221654357636055,108
cl_max_st_j40_v1v3,0.023955809845805216,-0.002770029094263234,0.03540867283048287,109
sq_V5_noise_energy,0.02383514209192488,-0.0013339118450782193,0.05614290980711024,110
sq_aVR_noise_energy,0.02382279346171078,-0.0020046503782354423,0.05578774849106651,111
st_V2_st_j60_median,0.02354539391058739,-0.004546183557518992,0.04577264608282471,112
morph_V2_second_hump_amplitude_mean,0.023475735187338077,0.0033602780246203994,0.036103540442163705,113
sq_V6_noise_energy,0.022872956454466502,0.0012629082035427374,0.04088010066591682,114
sq_I_baseline_drift,0.022728769472715484,-0.0006428537206319069,0.029323704633725717,115
morph_V3_t_mean_std,0.02261658960019465,-0.0018464224799933716,0.03447348961987032,116
morph_V1_t_polarity_std,0.022122187260666587,0.0011995352139008869,0.03686716601318808,117
morph_V2_t_mean_min,0.02211919657157387,-0.0043236681398199335,0.04673172706602494,118
sq_aVF_snr_proxy,0.022013634533259576,0.003435900946052837,0.04678857945122835,119
sq_II_range,0.0218855717415426,-0.00030752459694901495,0.04180957292315318,120
st_V2_j_point_confidence_median,0.02185980194030178,0.004173477441431655,0.0426318547179523,121
sq_aVF_std,0.021209879587737936,0.00322657849331777,0.03861746745318916,122
st_V2_st_j20_std,0.020617672343027676,0.0006401943900050251,0.036090585545325966,123
morph_V3_t_mean_mean,0.02023501117217298,-0.000256710257291409,0.034084095408538566,124
sq_I_mean,0.020180620515562513,0.001109198929636781,0.02561269789480813,125
st_V3_st_curvature_sign_max,0.019937419073082756,-0.0005818580522345823,0.03579474930626824,126
st_V1_r_amplitude_std,0.019530926055836763,0.005024620707842109,0.04357237455435305,127
st_V2_j_point_confidence_std,0.019413520526423124,0.0038126442210681937,0.039030643744616296,128
st_V3_j_point_amplitude_mean,0.019250110090625543,0.001944751865859074,0.03686749610467957,129
morph_V1_t_polarity_mean,0.019173922116326816,-0.00017998346014683382,0.03422894611637034,130
st_V2_st_j40_n_valid,0.018993733011227157,0.0004973408372523687,0.03153451626099697,131
st_V3_r_amplitude_n_valid,0.018923337063277448,0.0005028423309305649,0.031901115382142686,132
morph_V1_saddleback_score_std,0.018875363163403724,0.0001925197345289287,0.031033797261281533,133
sq_aVL_noise_energy,0.018757525527767663,0.004326874455334419,0.03323175702425402,134
st_V2_rs_ratio_std,0.018704959450946385,0.000571783621751851,0.03253141781356871,135
morph_V2_saddleback_score_mean,0.018367803158962012,2.487137662271381e-05,0.035660741286535964,136
st_V2_j_point_amplitude_std,0.018131776878420377,0.0016782947704606463,0.03286816037118806,137
st_V2_j_point_confidence_n_valid,0.01806611232541644,-0.004061435931785546,0.03269452338346512,138
sq_V4_baseline_drift,0.01789264263061818,-0.0013133584404205075,0.027854488027843755,139
morph_V3_trough_depth_between_humps_std,0.017728837466293283,-0.0034211955361129888,0.05390591219644924,140
st_V2_st_area_above_baseline_max,0.01761378349356618,0.0014250766382791185,0.030847898878157972,141
st_V2_st_slope_j0_j40_max,0.0175799068189726,0.004758996732902407,0.03404374979528978,142
st_V1_st_slope_j0_j40_max,0.01743092290644682,-0.0042925993633102155,0.05392727340470959,143
sq_III_noise_energy,0.017423533816968095,0.0004796331515407369,0.036152553832543184,144
morph_V2_high_takeoff_gt_2mm_min,0.017148342641640033,0.0005187395856441256,0.03361670955557119,145
st_V3_st_j20_std,0.01712702254207993,-0.00033540978555673186,0.028814605330691707,146
sq_aVL_max,0.01708098608906796,0.004258607598906785,0.04126481915755256,147
sq_V3_noise_energy,0.017068483904927705,-0.0014413087113090666,0.03870963512133474,148
st_V3_st_j80_min,0.017023197732424496,0.0007532551230416224,0.029152789252655253,149
st_V3_st_j80_median,0.016984667926770156,0.0016913661785095296,0.03232318763538632,150
morph_V3_second_hump_present_mean,0.01695894618970197,0.0013304471328967197,0.04064208319560426,151
sq_V2_min,0.01660792942461621,-0.0025863345445854722,0.045748360185847804,152
morph_V1_covedness_score_n_valid,0.016483527484398644,-0.0009941838706841002,0.0387950264967386,153
sq_I_noise_energy,0.016405951149650044,0.0018968263925463525,0.030565686561994945,154
st_V1_j_point_confidence_n_valid,0.016350360180382134,-0.002475968216887115,0.028747900863689044,155
st_V3_st_monotonicity_max,0.016293932811380144,0.0021604684553014207,0.028822908946682928,156
st_V1_r_amplitude_n_valid,0.016284953410244607,-0.0033689883661125355,0.04208821726524068,157
st_V2_j_point_amplitude_min,0.015679617206830268,0.00011305264328137209,0.02742873914525461,158
st_V1_st_slope_j20_j80_std,0.015489791129040954,0.0016735270624523599,0.03119391843211973,159
morph_V1_second_hump_present_min,0.015456914704167282,4.29583269687137e-05,0.027925848632122875,160
st_V3_st_j40_max,0.015368172077964933,-0.001823223905083692,0.051165972970251127,161
st_V3_st_j20_max,0.015330401400345329,0.0018591562568751453,0.0431321982116621,162
morph_V2_t_inversion_indicator_max,0.015305796795224444,0.0010050928699668778,0.03364140219376889,163
morph_V1_trough_depth_between_humps_min,0.015077065370833231,-0.0012581844701747397,0.033628553972151136,164
morph_V2_t_mean_n_valid,0.014917002517355376,-1.1354570684998642e-05,0.026450735167192346,165
sq_III_min,0.014873416379206987,-0.0006378580391222258,0.025197608082353287,166
st_V2_st_slope_j0_j40_mean,0.01480169406920135,0.002684716570137213,0.0281648010144748,167
st_V2_j_point_confidence_max,0.014731449032017608,0.003400489258202753,0.027147236949413258,168
st_V1_high_takeoff_gt_1mm_mean,0.014477881496007592,0.0016520805368533424,0.02535802609520439,169
morph_V1_high_takeoff_gt_2mm_min,0.01442865471240161,-0.00021465355771549724,0.023284764243501836,170
st_V2_st_curvature_sign_std,0.014308312297521256,-0.0011241370845491735,0.037206353562099066,171
morph_V1_trough_depth_between_humps_std,0.014262480632230082,0.0004965235573078073,0.02434598795666427,172
st_V1_r_amplitude_min,0.01390660519253708,0.0037786424470572844,0.0420822219108678,173
morph_V3_high_takeoff_gt_1mm_median,0.013656612353055594,0.0009723482529322286,0.03627455514412542,174
sq_II_mean,0.013381335024744985,-0.0013945129880112096,0.02445518533951103,175
sq_V1_std,0.013361848558224811,0.0016370258660417586,0.028380037429424396,176
sq_II_min,0.013316835765790987,0.0012943415562352786,0.02643334208394488,177
sq_III_max,0.013295391221112514,-0.0006715654634637209,0.03523565711977721,178
st_V2_st_j80_j0_ratio_std,0.01324104518411531,0.0011617223092306081,0.03368485926208803,179
morph_V3_t_polarity_n_valid,0.013122014214102534,0.0026631917736233777,0.02779875589387302,180
morph_V1_high_takeoff_gt_2mm_n_valid,0.013069158649795538,-0.00013656216255355876,0.024151373868345438,181
sq_II_snr_proxy,0.013013257792414483,-0.00019957446861374877,0.0278778128005854,182
st_V3_st_monotonicity_min,0.012966227681984086,-0.0008083548213126914,0.02960018893935333,183
st_V1_st_convexity_mean,0.012571958559090593,-0.0011711256150618036,0.023200579661005943,184
sq_aVL_range,0.012450292064133532,0.0015898588048832989,0.03305031185788536,185
sq_V5_max,0.01240058748790423,-0.0004637865128493412,0.03011970169188714,186
st_V2_st_j20_min,0.012340439498147424,-0.0005379789730549228,0.02987274098723856,187
st_V2_s_amplitude_min,0.011810815543213376,-0.0011622190134235163,0.029416862140873544,188
sq_V3_range,0.01176914062489531,0.0008828089792106924,0.030254057379118657,189
sq_V6_min,0.011760524245846176,-0.0016494008370216068,0.023584566053844527,190
st_V1_st_monotonicity_n_valid,0.011548946491152675,-0.0013873268969192855,0.017954691607789477,191
morph_V2_high_takeoff_gt_1mm_median,0.011529852271326309,-0.0013929572340213902,0.031197108621310626,192
st_V1_st_monotonicity_min,0.011397675856562725,0.0001444411789180613,0.029052453301273727,193
st_V1_j_point_confidence_median,0.011275087826816004,0.0023012942218378187,0.029300393760433564,194
sq_V1_range,0.011244433773040097,0.0008618706592022619,0.026227076102211283,195
st_V1_rs_ratio_max,0.011242031084050304,0.0005288115618929925,0.021000001619888294,196
morph_V3_t_peak_value_max,0.011228107681341385,-0.001069649298670255,0.027455485550083283,197
rr_cv,0.011206059142082544,0.0001413750627331897,0.02127857212558843,198
morph_V1_saddleback_score_median,0.011025766050539237,0.001206767337477559,0.02237776869943214,199
st_V1_st_slope_j0_j40_median,0.010959986285781145,-0.001640114176854205,0.025627225641394826,200
morph_V1_covedness_score_median,0.010901005159570891,-0.0018194567613283167,0.022530302174941307,201
st_V1_high_takeoff_gt_2mm_mean,0.01089335185802763,-0.0018051735878621812,0.024771974518931664,202
sq_V2_std,0.010843849069998138,0.00032197953854780885,0.022579415171503227,203
st_V1_st_j60_std,0.010839757233262866,0.0030757168391026646,0.01895143830380851,204
st_V2_st_slope_j0_j40_min,0.010712225783216059,-0.00024042234686780155,0.026922122399071123,205
morph_V3_second_hump_amplitude_n_valid,0.010665457885527646,-0.0021870787334487257,0.025286353607046466,206
st_V1_st_j60_median,0.010548996595055173,-0.0012395899348248258,0.022886320235105007,207
sq_aVF_min,0.010524178440310554,2.347817310940876e-06,0.018521653069845143,208
morph_V3_t_polarity_std,0.010516059321374416,-0.0014846119752600223,0.02252255334799932,209
morph_V1_t_mean_median,0.010495760515947961,0.0005260880229886847,0.03031653549320618,210
morph_V2_t_amplitude_min,0.010450142215085579,-0.000780203961882717,0.03075470530025933,211
st_V2_j_point_amplitude_n_valid,0.010117367695165224,-0.00012231889003810317,0.02197982629257717,212
morph_V1_high_takeoff_gt_1mm_max,0.009888524478173094,0.00013410843780506227,0.018325454024639313,213
sq_III_baseline_drift,0.009815666882357136,0.0010119108639185326,0.025058706302998664,214
st_V3_st_j20_mean,0.009812751639244372,0.0017505703578618444,0.017842956334621282,215
st_V1_st_area_above_baseline_std,0.00975235669573473,0.001117773464375452,0.01670271964661224,216
sq_V3_snr_proxy,0.009660059177411633,-0.0002645098800788777,0.022103815507705436,217
morph_V2_t_amplitude_n_valid,0.00940361684570843,0.0020033376109010177,0.019974643482175352,218
morph_V3_trough_depth_between_humps_median,0.009335203774546148,-0.0013788819504196566,0.021117647939205966,219
st_V1_st_j20_std,0.009238975887897493,0.0011170213751125445,0.024480258298138848,220
st_V1_j_point_confidence_max,0.009227893245573198,0.0010277611240949857,0.024435339542927974,221
st_V1_st_j20_min,0.00918568911728735,-0.0011357502177480648,0.018941726041866693,222
morph_V2_t_peak_value_min,0.009123025991628064,-0.00021314522867237846,0.016049638733137774,223
st_V1_st_j80_j0_ratio_min,0.008978004563066154,0.003360049542162798,0.027435387105775796,224
st_V2_j_point_confidence_min,0.008969997679006502,0.0007583374979446565,0.025268335498561587,225
st_V3_st_j60_std,0.0089148502398703,-0.00018248929978237572,0.027537256833391442,226
st_V2_r_amplitude_max,0.008880899687433589,-0.0001244480358359577,0.015986990294490747,227
st_V2_st_j60_min,0.00879711285484928,-0.0005588903188315401,0.020784914793227957,228
sq_I_rms,0.00873307249980873,-0.0031393073292669766,0.028450236928157607,229
st_V3_st_curvature_sign_min,0.008723286354565365,0.001537138781594955,0.018141761503932145,230
sq_aVR_std,0.008699889158975604,0.000715667094093111,0.020354673661195415,231
st_V3_st_area_above_baseline_min,0.008647727817938355,-0.0005153306158254331,0.018118093632542378,232
morph_V3_covedness_score_max,0.00863157105195968,0.0022929961565553523,0.024396588638591076,233
sq_aVR_range,0.008584088488499885,0.0002585189679211637,0.017110548144009932,234
st_V1_r_amplitude_mean,0.008365663330150189,-0.00039628867142047094,0.019320164391415443,235
morph_V3_covedness_score_std,0.008330028604090028,0.0012794379961802553,0.016979466427979237,236
sq_V5_min,0.008327574798319031,-0.0009144191300758183,0.023983973019073224,237
st_V1_high_takeoff_gt_2mm_median,0.008315569180841269,0.0012620763800853662,0.020553279617001433,238
morph_V1_trough_depth_between_humps_max,0.008294584253371852,0.0031379131035053085,0.015844012156071147,239
sq_aVR_min,0.008294083119944732,-0.0014761319933151338,0.023689235195531736,240
morph_V1_covedness_score_max,0.008284417173925243,0.001389802551210022,0.0223813694520658,241
st_V3_rs_ratio_mean,0.00825720479755505,0.00029960602067780263,0.02404740212901417,242
sq_V5_range,0.008191465739437844,0.001600197226055396,0.016280801035252843,243
morph_V2_trough_depth_between_humps_std,0.008152946397949494,0.001141952416415708,0.016972286655238054,244
morph_V3_high_takeoff_gt_2mm_max,0.008015626445053436,0.0005080171346602821,0.016364440659264397,245
morph_V2_trough_depth_between_humps_max,0.008011103658077412,0.001137471471222998,0.015487650170014335,246
st_V3_st_slope_j20_j80_median,0.007965900723709505,0.002347065536600344,0.02149486278076135,247
morph_V2_t_amplitude_max,0.007892586704107515,0.0006510652512435067,0.019612304108843914,248
st_V2_st_j80_j0_ratio_max,0.007800361517580738,0.00039682417266461166,0.019064723025939492,249
st_V2_high_takeoff_gt_1mm_min,0.007793021574205926,0.0019446946735963318,0.024347041446732935,250
sq_V1_mean,0.007780485351931685,0.002056858513565835,0.019350306530671598,251
morph_V1_t_peak_value_std,0.00777825125821508,-8.237503214993278e-05,0.015102390745724312,252
st_V1_st_j40_j0_ratio_n_valid,0.007753882769254036,-0.00017634760865495926,0.017110625981593523,253
morph_V3_t_polarity_min,0.007739177666830274,-0.0016694278752343995,0.01658589837666657,254
sq_V6_range,0.007735081186400044,-0.0005685041232686308,0.020069911512370628,255
cl_mean_st_j40_v1v3,0.00764754903274418,-0.0006412375639847127,0.022056762884421106,256
morph_V2_high_takeoff_gt_2mm_std,0.0076370135881006496,0.0011350419610923646,0.024289579562116834,257
sq_V1_snr_proxy,0.007628993351094551,0.000641173169724955,0.017834484745063033,258
st_V3_r_amplitude_min,0.00754768515593235,-7.292786528441327e-05,0.016366010312585853,259
morph_V3_t_peak_value_std,0.007545273386470452,-0.0017691125005185693,0.014871315799539988,260
st_V3_st_curvature_sign_std,0.0075396295861641155,-0.0020759997424507994,0.020791427220404644,261
rr_mean_ms,0.007474183562640139,-0.0004106900940544062,0.01474846597578546,262
sq_V5_std,0.007467181726151003,0.0013078531230345642,0.021391243176961873,263
st_V3_st_area_above_baseline_median,0.007448628224925058,-0.001162341739417921,0.025001683583832677,264
morph_V1_high_takeoff_gt_2mm_mean,0.0073646952451486315,0.00048303334914742794,0.018078973891259013,265
st_V1_st_j40_min,0.007227404094904074,-0.0015232721199961493,0.01916448397916252,266
st_V2_st_j80_j0_ratio_median,0.007176382864617607,-5.891825839589874e-05,0.018201236115383407,267
morph_V1_covedness_score_std,0.0071682175589576425,-0.0007914013087174698,0.021549543012322026,268
morph_V1_t_peak_value_median,0.007142001571282522,0.0001208264398139709,0.017833251239371208,269
st_V3_rs_ratio_max,0.007136346578428682,0.0008174383033261969,0.019680157196223014,270
sq_III_rms,0.006999482023311615,0.0013195005364551938,0.02105958287034655,271
morph_V2_t_amplitude_mean,0.006996297538511373,-0.0011177208974249382,0.01651724681227592,272
st_V2_rs_ratio_n_valid,0.0069682465581166805,0.0004892068613608009,0.017314837095657766,273
st_V1_st_area_above_baseline_max,0.006967691161282363,0.0007923745159213615,0.01364117679731757,274
st_V3_rs_ratio_std,0.006958667408910985,-0.000737280260063402,0.020431325721064778,275
morph_V3_t_mean_n_valid,0.006851490261264068,-0.0006402170874650454,0.015163680944857752,276
sq_II_rms,0.006839472970081172,-0.00016010274479458304,0.0168033667022913,277
morph_V2_t_mean_mean,0.006833089149092666,-0.0022486304751399714,0.022752391598062967,278
morph_V2_t_mean_std,0.0068141874792336425,-0.00014235394591203456,0.02025210104612616,279
morph_V1_trough_depth_between_humps_median,0.00676668875314519,0.0006290786187408198,0.015894579044088347,280
sq_II_std,0.006740891666667254,-8.514828964575289e-05,0.01661700520153923,281
st_V1_st_j40_j0_ratio_mean,0.006683381844039977,0.001840773564622246,0.016446531073006615,282
morph_V2_t_mean_median,0.006619186449575312,-0.0018511205175044902,0.02716405594118572,283
st_V3_r_amplitude_max,0.006510531443938312,-0.0011221341331574134,0.019205926522872393,284
st_V2_s_amplitude_n_valid,0.00648129798048598,-0.0017828860411743723,0.01867959602367649,285
morph_V3_covedness_score_mean,0.006439638635305259,0.0015439486818275244,0.020018289599234566,286
st_V2_high_takeoff_gt_2mm_min,0.006422043810739649,-9.164872987211771e-05,0.017192213776555373,287
morph_V2_second_hump_amplitude_min,0.0062625652278668195,0.001514239676768782,0.01736137592977052,288
st_V2_st_j60_max,0.006244945853086533,-0.000538164726753539,0.014843749121388652,289
morph_V1_high_takeoff_gt_1mm_mean,0.006211175841353715,9.948779703130225e-05,0.01386974366907721,290
sq_I_range,0.006167085081853256,0.001227409141657721,0.01558908955085664,291
morph_V3_t_amplitude_max,0.006131871509803148,0.001046388272764334,0.01446836802108653,292
sq_V2_baseline_drift,0.005989954562565256,-0.0009747147005431084,0.01803947502109546,293
st_V3_st_convexity_mean,0.005905385196052433,0.0005546711232210393,0.017381585926948717,294
morph_V3_second_hump_present_max,0.005775097129717671,-0.0007049047840199837,0.01420987632878625,295
morph_V2_high_takeoff_gt_1mm_std,0.005774825324006772,0.00046736470891866347,0.014625624860706855,296
morph_V2_covedness_score_min,0.005654309594557292,-0.0010955041482757263,0.014350957737974672,297
morph_V3_high_takeoff_gt_1mm_std,0.005590722197076653,-0.001015915231414896,0.018454789208465033,298
st_V2_st_j80_max,0.005550677428848147,0.0011444840970200156,0.017835000316144368,299
st_V1_s_amplitude_min,0.005502543040646166,-0.0015708593619838589,0.015377813098824517,300
morph_V1_t_amplitude_min,0.005467858348893544,0.0007231264664039872,0.01477472372148787,301
hr_estimate_bpm,0.00544444729166089,-0.0010701732339527309,0.015766026900142293,302
morph_V1_t_peak_value_min,0.0054403715893708154,-0.00026706651499693924,0.013021947638755737,303
morph_V1_saddleback_score_min,0.0054175823843799235,-0.0013378603080128424,0.016450423719812986,304
st_V2_st_area_above_baseline_min,0.005379934302908319,-0.0010220467477790542,0.016059824415959083,305
st_V3_st_j60_n_valid,0.005198665962197884,0.0009917441026895222,0.015043940286662328,306
morph_V2_t_inversion_indicator_min,0.0051713282022799595,0.0003447487803571103,0.019327272199834704,307
sq_aVL_rms,0.005166196756510005,-4.2219380700600734e-05,0.012475898565767928,308
st_V1_r_amplitude_median,0.005084621499243779,-0.00020274200138045286,0.019181232419742594,309
morph_V3_t_inversion_indicator_median,0.005037604568002753,0.0003396471956431798,0.014480805607231525,310
sq_V5_mean,0.004975200992721547,-0.00015410489116643016,0.01184750279199744,311
morph_V3_t_inversion_indicator_min,0.0049255620597889755,-0.000991977492024093,0.0091165876114827,312
morph_V2_saddleback_score_median,0.0048841413952533195,-0.0005555541133482491,0.012339274534729583,313
st_V2_r_amplitude_mean,0.0048100637753824855,0.0004263962691870355,0.010452345573795237,314
morph_V2_high_takeoff_gt_2mm_mean,0.004786136936776063,4.800622302720223e-05,0.011758405345655079,315
morph_V3_t_inversion_indicator_std,0.004733276357130235,-0.0008064248096762279,0.013433787187940725,316
morph_V1_t_polarity_median,0.004673699926041039,0.0002842091879815077,0.013724786879086046,317
st_V2_st_j20_n_valid,0.004632723654374039,0.0012025943877863022,0.012186971854166508,318
st_V1_j_point_amplitude_mean,0.0046183419934173586,0.00036116161247709707,0.012897760751851846,319
morph_V1_high_takeoff_gt_1mm_std,0.004522052800806213,0.0004065320581536433,0.01085928958773213,320
morph_V1_t_peak_value_n_valid,0.004507070125257652,-0.0012877788255119536,0.01348459101874374,321
sq_I_min,0.004460982895628145,0.0005275112538298313,0.014005288108982413,322
morph_V3_t_amplitude_median,0.004437160892399227,0.0003449088655612348,0.013029751245190613,323
sq_V2_snr_proxy,0.004349972704122701,0.0006173613543311693,0.0117727754889077,324
st_V2_st_j60_std,0.00427526734071493,0.001035141711515828,0.010822976664816422,325
st_V3_rs_ratio_min,0.004224482624901873,0.0008873320717785345,0.010962673649527174,326
st_V1_j_point_confidence_mean,0.004194935644892107,-0.0006249313720453224,0.012711592155431911,327
morph_V3_t_polarity_mean,0.00416112366930347,-0.0005495009912029021,0.014425495044375146,328
st_V2_high_takeoff_gt_1mm_max,0.004128507841519546,0.0001326140609618566,0.011102326628086707,329
morph_V3_second_hump_amplitude_std,0.004086199104118843,-0.001250557092226231,0.012609578472407876,330
st_V3_st_slope_j20_j80_n_valid,0.004028457019570424,0.0017152313158408736,0.010196820167867408,331
st_V1_high_takeoff_gt_2mm_std,0.0039824037329799136,0.0011406083587690516,0.014448532775846352,332
morph_V1_second_hump_present_max,0.003966491761111926,0.0002994707258053912,0.009281438767000046,333
st_V2_st_slope_j0_j40_std,0.0038948395849300343,0.0009392991641500461,0.009798207328429356,334
st_V3_st_monotonicity_std,0.003876368639267177,0.0004916278358046032,0.011527116817859475,335
sq_V4_range,0.0038566167031725196,0.00012460462061416217,0.010094575153733245,336
sq_aVL_baseline_drift,0.003847042231643491,0.0005761749943918419,0.013214937046325866,337
st_V2_r_amplitude_n_valid,0.00377745115467585,0.0008024335169225654,0.011334785452152758,338
sq_V2_range,0.003752924327369124,0.0009362244899910612,0.010269937581178036,339
st_V3_st_curvature_sign_median,0.0036472691088586394,-0.00014116278385163864,0.011756218194001498,340
morph_V1_t_polarity_max,0.0036197190298685937,0.001121118066642564,0.012823284687630726,341
st_V2_st_monotonicity_std,0.003591038681792479,0.0003708554608311301,0.00911367523470696,342
st_V2_j_point_confidence_mean,0.0035728266784156586,-0.0006337673540070736,0.011181982681370705,343
st_V2_st_area_above_baseline_n_valid,0.003567061954108624,0.0008314507168309833,0.012865585928024783,344
sq_V3_max,0.003542160557854927,-0.00047868525009017054,0.009762664192589652,345
st_V3_st_j40_min,0.003453251651575454,-0.00028053710784907345,0.006251882194022399,346
sq_V1_rms,0.0034176061115645737,0.0006038107484907491,0.01116191747521657,347
sq_aVR_baseline_drift,0.0033462040026777285,2.2540300899794706e-05,0.009516459348309126,348
st_V2_st_j40_max,0.0033252443365057263,2.762343005222353e-05,0.009878260855908625,349
morph_V1_second_hump_amplitude_max,0.0032773263810700116,0.0007060982047557122,0.011251741055743435,350
morph_V2_covedness_score_std,0.0032137373639860647,0.000533296578042929,0.008722580430297174,351
morph_V3_second_hump_amplitude_max,0.0030806146271157263,-0.00021596759593642517,0.008853918255933657,352
st_V1_j_point_amplitude_median,0.003012366019107246,0.0002884043476059313,0.014319184809951379,353
sq_V5_baseline_drift,0.0030031086991158724,-0.0007020912974169753,0.008799051301562541,354
st_V3_j_point_amplitude_max,0.0029993275311819053,-0.0005645009517135998,0.008998619963132106,355
st_V1_st_monotonicity_mean,0.0029599089364292794,0.0010605305789895434,0.006796206058616938,356
sq_aVR_rms,0.0028818555496448214,0.0002180021876063789,0.01407362231425512,357
st_V1_high_takeoff_gt_1mm_std,0.0028655424064728055,-0.0006223903541753293,0.009818619592846542,358
st_V3_r_amplitude_mean,0.0028411109030205537,0.0005828176216111986,0.007365472757152909,359
morph_V3_second_hump_amplitude_min,0.0028296562599290065,-0.0006744581355249036,0.015906610743019422,360
sq_V6_snr_proxy,0.0027582606810758192,0.0008253435349250983,0.013640805285976922,361
morph_V2_covedness_score_median,0.00273319642990827,0.0008153717307060842,0.009868946977571543,362
st_V3_j_point_amplitude_min,0.0026138658735377625,0.00028654054669308696,0.011416100372255147,363
sq_II_baseline_drift,0.002603501588357572,-0.0003378886824663525,0.006196242825716378,364
st_V1_st_area_above_baseline_median,0.002592115579968305,0.0008333417863556765,0.009240029098826366,365
morph_V3_high_takeoff_gt_2mm_mean,0.002572659284502424,-0.0006987060536438072,0.007703099391979265,366
st_V1_st_j60_min,0.002552794186711385,0.0004884698296853464,0.007221471381233114,367
sq_III_std,0.002484724462896927,0.001452147025299401,0.006693812878377518,368
st_V2_s_amplitude_std,0.002467958514960907,-0.0004551343567997684,0.009266447987883453,369
st_V2_st_j40_j0_ratio_mean,0.0024521089292877875,0.0003115490574605177,0.006028997315831903,370
st_V1_st_j60_mean,0.0024511354808636463,5.6432323022319455e-05,0.006438393296783804,371
sq_III_mean,0.0024463505747396985,-1.6643603437532307e-05,0.009241461168681556,372
st_V3_j_point_amplitude_std,0.002430359385394502,-0.0006090208935261268,0.005669417325884604,373
morph_V1_t_inversion_indicator_max,0.002386283649557547,-0.0004612144868892713,0.013353119725625957,374
morph_V1_t_peak_value_mean,0.0023841101035845026,0.00012772832548158054,0.008875357847504496,375
st_V3_st_j40_j0_ratio_median,0.0023654542134730803,0.0005661717954171215,0.009676462984609734,376
morph_V2_covedness_score_mean,0.002353559352211214,-8.951563757559018e-05,0.01091603694673011,377
st_V1_st_j40_j0_ratio_std,0.002318224196550587,-0.00035716056721106195,0.007282584401784048,378
st_V3_j_point_amplitude_median,0.002317220633618581,-7.636151315014244e-05,0.007547406178960045,379
st_V3_st_j40_j0_ratio_min,0.002209214641463728,-0.0007629251541164352,0.007132497272853288,380
morph_V3_t_peak_value_min,0.0022046990121506755,-0.0009216601823356653,0.014846628067456739,381
sq_I_std,0.0021613875086888695,9.414028412259777e-05,0.005336374345528946,382
st_V3_s_amplitude_min,0.002138467317817632,0.00015453817740165767,0.008103508250888932,383
sq_V5_rms,0.0021315294801778307,-0.00020543620318748876,0.005575412370716548,384
morph_V1_high_takeoff_gt_1mm_median,0.002055981477655807,-0.00023257801653021816,0.005774542670628596,385
st_V2_st_curvature_sign_median,0.0020262066455501346,-0.00045583851820180083,0.006444261868475641,386
st_V2_high_takeoff_gt_1mm_n_valid,0.0020081469466391414,0.00038934919300691805,0.009662927435107252,387
st_V1_st_slope_j20_j80_max,0.0019356230145561332,-0.0012149613939697618,0.00770317295279316,388
st_V3_st_j20_median,0.0018771629521915612,-0.00035088691398625643,0.012374184149002229,389
sq_aVF_max,0.0018476935380366646,0.00043156202700367824,0.0057787884158384305,390
st_V2_st_monotonicity_median,0.0018437115992765638,1.4627872255559423e-05,0.005087302911857649,391
st_V1_st_j60_max,0.0018262669322216818,-0.0007556860506298523,0.009494672129959936,392
st_V2_s_amplitude_max,0.0018153990558463782,0.000677916719347282,0.006739676968427112,393
st_V1_st_j40_j0_ratio_median,0.0018100639493217408,0.0018100639493217408,0.0037304146351841176,394
st_V3_st_area_above_baseline_mean,0.0018042643482414466,-2.5529292214557065e-05,0.00921219001451139,395
sq_aVL_min,0.0017914554320747791,0.00020729554586173713,0.007499948793677759,396
sq_V1_baseline_drift,0.0017552347398380934,0.000165635823161841,0.005981981484472502,397
st_V1_high_takeoff_gt_2mm_n_valid,0.0017225022835672327,0.0005408041326960248,0.009287433518345614,398
morph_V3_t_polarity_median,0.001712599792273978,-0.0006009935336726296,0.008624691661934386,399
morph_V1_covedness_score_mean,0.0015961308979247054,0.00019201753401908143,0.007783362321082618,400
morph_V3_covedness_score_median,0.001571486411916377,0.00032617229666848265,0.010163576739108147,401
st_V2_high_takeoff_gt_1mm_std,0.0015703313776674085,-0.0005486799869429777,0.006641957507180958,402
morph_V2_t_mean_max,0.0015332610383321853,0.00035473386333747224,0.007547978194566926,403
st_V1_st_monotonicity_median,0.001513216400123902,-0.00046591785518303543,0.004913307093293661,404
morph_V3_t_mean_median,0.0014975497463446045,0.0001309024986166972,0.009689463014530412,405
morph_V3_t_polarity_max,0.0014501913502996996,-0.00019923522165326638,0.0034212170550758504,406
st_V1_st_j60_n_valid,0.0013980932246390719,5.247617884444437e-05,0.003454069450928194,407
st_V1_s_amplitude_median,0.0012105162480727885,0.0001549893609419912,0.0059064674446488484,408
morph_V2_second_hump_amplitude_median,0.0010606252073795126,0.0002016140052730515,0.0050673254603191345,409
morph_V2_high_takeoff_gt_2mm_median,0.0010291882070517682,7.644096232267495e-05,0.006599533998835793,410
st_V3_rs_ratio_median,0.0010248723187927583,-0.0006191120648720591,0.0074005692078588535,411
st_V3_st_j80_max,0.0010033080627828666,0.0002833330300290243,0.0038511220740812344,412
st_V1_st_slope_j0_j40_n_valid,0.0009690268235101483,-0.00016135236037992582,0.00517820605534138,413
st_V1_st_slope_j20_j80_median,0.0009660171778467074,-0.00014506157698011455,0.003405807242577908,414
st_V1_st_slope_j20_j80_mean,0.0009431843305668506,0.0009431843305668506,0.0021272117758942364,415
st_V2_st_j40_std,0.0008798454945891506,0.00024243762067546485,0.005116563474121968,416
st_V2_st_j20_mean,0.0004979431699350644,2.546054721585106e-06,0.0036299304049146317,417
morph_V3_saddleback_score_median,0.0004171080159192692,3.3229285230236114e-05,0.0016462279189494635,418
morph_V3_t_inversion_indicator_n_valid,0.00038838424630072556,-0.00036048170835928595,0.0010453057895064427,419
st_V1_st_curvature_sign_max,0.00032320430938451383,-2.175018386325921e-05,0.0015190738687693177,420
st_V2_st_j40_median,0.0002595915039872992,0.0002595915039872992,0.004939065206812362,421
morph_V3_trough_depth_between_humps_min,0.0002557735898873198,0.0002557735898873198,0.00392967839030028,422
morph_V2_second_hump_amplitude_n_valid,0.00014936103332869834,-0.00014936103332869834,0.0028417874685275095,423
st_V2_st_area_above_baseline_median,7.271390231248335e-05,-7.189907808338218e-05,0.0001799872743233409,424
sq_aVR_max,6.587725104481485e-05,2.016593358343744e-05,0.0003616427425070077,425
st_V2_st_slope_j20_j80_min,3.0228450853302912e-05,-3.0228450853302912e-05,8.768717679985965e-05,426
st_V3_st_convexity_median,4.659984735438483e-06,2.3063052748394085e-06,1.0717269085238428e-05,427
morph_V2_t_polarity_n_valid,0.0,0.0,0.0,428
morph_V2_t_polarity_max,0.0,0.0,0.0,429
morph_V2_t_polarity_min,0.0,0.0,0.0,430
morph_V2_t_polarity_std,0.0,0.0,0.0,431
morph_V2_t_polarity_median,0.0,0.0,0.0,432
morph_V2_t_polarity_mean,0.0,0.0,0.0,433
st_V1_j_point_amplitude_n_valid,0.0,0.0,0.0,434
st_V1_j_point_amplitude_max,0.0,0.0,0.0,435
st_V1_j_point_amplitude_min,0.0,0.0,0.0,436
st_V1_j_point_amplitude_std,0.0,0.0,0.0,437
st_V3_s_amplitude_n_valid,0.0,0.0,0.0,438
st_V3_s_amplitude_max,0.0,0.0,0.0,439
st_V3_s_amplitude_std,0.0,0.0,0.0,440
st_V1_rs_ratio_min,0.0,0.0,0.0,441
st_V1_rs_ratio_std,0.0,0.0,0.0,442
st_V1_rs_ratio_median,0.0,0.0,0.0,443
st_V1_rs_ratio_mean,0.0,0.0,0.0,444
morph_V2_second_hump_amplitude_max,0.0,0.0,0.0,445
morph_V2_second_hump_amplitude_std,0.0,0.0,0.0,446
morph_V2_trough_depth_between_humps_median,0.0,0.0,0.0,447
morph_V2_trough_depth_between_humps_mean,0.0,0.0,0.0,448
morph_V1_second_hump_present_median,0.0,0.0,0.0,449
morph_V3_second_hump_amplitude_median,0.0,0.0,0.0,450
morph_V3_second_hump_amplitude_mean,0.0,0.0,0.0,451
st_V1_st_slope_j20_j80_n_valid,0.0,0.0,0.0,452
morph_V1_t_amplitude_mean,0.0,0.0,0.0,453
st_V1_st_curvature_sign_median,0.0,0.0,0.0,454
st_V3_st_monotonicity_n_valid,0.0,0.0,0.0,455
st_V3_st_monotonicity_median,0.0,0.0,0.0,456
st_V3_st_monotonicity_mean,0.0,0.0,0.0,457
st_V1_rs_ratio_n_valid,0.0,0.0,0.0,458
morph_V2_t_inversion_indicator_std,0.0,0.0,0.0,459
morph_V2_t_inversion_indicator_median,0.0,0.0,0.0,460
morph_V2_t_inversion_indicator_mean,0.0,0.0,0.0,461
st_V1_j_point_confidence_std,0.0,0.0,0.0,462
st_V2_st_monotonicity_n_valid,0.0,0.0,0.0,463
st_V2_st_monotonicity_max,0.0,0.0,0.0,464
st_V2_st_monotonicity_min,0.0,0.0,0.0,465
st_V3_st_convexity_n_valid,0.0,0.0,0.0,466
st_V3_st_convexity_max,0.0,0.0,0.0,467
st_V3_st_convexity_min,0.0,0.0,0.0,468
st_V3_st_convexity_std,0.0,0.0,0.0,469
st_V2_st_j80_j0_ratio_n_valid,0.0,0.0,0.0,470
st_V2_st_j80_j0_ratio_min,0.0,0.0,0.0,471
st_V2_st_j80_j0_ratio_mean,0.0,0.0,0.0,472
st_V3_s_amplitude_median,0.0,0.0,0.0,473
st_V3_s_amplitude_mean,0.0,0.0,0.0,474
st_V2_st_slope_j20_j80_std,0.0,0.0,0.0,475
st_V2_st_slope_j20_j80_median,0.0,0.0,0.0,476
st_V2_st_slope_j20_j80_mean,0.0,0.0,0.0,477
st_V3_st_slope_j20_j80_max,0.0,0.0,0.0,478
morph_V3_t_inversion_indicator_max,0.0,0.0,0.0,479
morph_V3_t_inversion_indicator_mean,0.0,0.0,0.0,480
st_V2_j_point_amplitude_median,0.0,0.0,0.0,481
st_V2_j_point_amplitude_mean,0.0,0.0,0.0,482
st_V2_st_j20_median,0.0,0.0,0.0,483
morph_V2_t_peak_value_mean,0.0,0.0,0.0,484
st_V1_j_point_confidence_min,0.0,0.0,0.0,485
st_V3_st_j60_min,0.0,0.0,0.0,486
st_V3_st_j60_median,0.0,0.0,0.0,487
st_V3_st_j60_mean,0.0,0.0,0.0,488
st_V1_st_monotonicity_max,0.0,0.0,0.0,489
st_V1_st_monotonicity_std,0.0,0.0,0.0,490
st_V1_r_amplitude_max,0.0,0.0,0.0,491
st_V3_j_point_amplitude_n_valid,0.0,0.0,0.0,492
st_V3_st_slope_j20_j80_std,0.0,0.0,0.0,493
st_V3_st_slope_j20_j80_mean,0.0,0.0,0.0,494
morph_V2_covedness_score_n_valid,0.0,0.0,0.0,495
morph_V2_covedness_score_max,0.0,0.0,0.0,496
st_V2_st_slope_j20_j80_n_valid,0.0,0.0,0.0,497
st_V2_st_slope_j20_j80_max,0.0,0.0,0.0,498
morph_V1_t_inversion_indicator_mean,0.0,0.0,0.0,499
st_V1_st_j40_j0_ratio_max,0.0,0.0,0.0,500
st_V1_st_j40_j0_ratio_min,0.0,0.0,0.0,501
st_V2_r_amplitude_min,0.0,0.0,0.0,502
st_V2_r_amplitude_std,0.0,0.0,0.0,503
st_V2_r_amplitude_median,0.0,0.0,0.0,504
morph_V3_trough_depth_between_humps_mean,0.0,0.0,0.0,505
morph_V3_high_takeoff_gt_1mm_n_valid,0.0,0.0,0.0,506
morph_V3_high_takeoff_gt_1mm_max,0.0,0.0,0.0,507
morph_V3_high_takeoff_gt_1mm_min,0.0,0.0,0.0,508
morph_V3_high_takeoff_gt_1mm_mean,0.0,0.0,0.0,509
morph_V1_saddleback_score_n_valid,0.0,0.0,0.0,510
morph_V1_saddleback_score_max,0.0,0.0,0.0,511
morph_V3_covedness_score_n_valid,0.0,0.0,0.0,512
st_V3_st_j60_max,0.0,0.0,0.0,513
st_V2_high_takeoff_gt_2mm_median,0.0,0.0,0.0,514
st_V2_high_takeoff_gt_2mm_mean,0.0,0.0,0.0,515
morph_V1_t_mean_n_valid,0.0,0.0,0.0,516
morph_V1_t_mean_max,0.0,0.0,0.0,517
morph_V1_t_mean_min,0.0,0.0,0.0,518
morph_V1_t_mean_std,0.0,0.0,0.0,519
morph_V1_t_mean_mean,0.0,0.0,0.0,520
st_V3_st_j40_median,0.0,0.0,0.0,521
st_V3_st_j40_mean,0.0,0.0,0.0,522
morph_V3_covedness_score_min,0.0,0.0,0.0,523
st_V2_st_convexity_n_valid,0.0,0.0,0.0,524
morph_V1_t_inversion_indicator_n_valid,0.0,0.0,0.0,525
morph_V1_t_inversion_indicator_min,0.0,0.0,0.0,526
morph_V1_t_inversion_indicator_std,0.0,0.0,0.0,527
morph_V1_t_inversion_indicator_median,0.0,0.0,0.0,528
st_V2_st_curvature_sign_max,0.0,0.0,0.0,529
sq_aVF_range,0.0,0.0,0.0,530
st_V3_j_point_confidence_n_valid,0.0,0.0,0.0,531
st_V3_j_point_confidence_max,0.0,0.0,0.0,532
st_V3_j_point_confidence_min,0.0,0.0,0.0,533
st_V3_j_point_confidence_std,0.0,0.0,0.0,534
st_V3_r_amplitude_median,0.0,0.0,0.0,535
morph_V1_high_takeoff_gt_1mm_n_valid,0.0,0.0,0.0,536
st_V1_s_amplitude_n_valid,0.0,0.0,0.0,537
morph_V1_second_hump_amplitude_n_valid,0.0,0.0,0.0,538
morph_V1_second_hump_amplitude_min,0.0,0.0,0.0,539
morph_V1_second_hump_amplitude_std,0.0,0.0,0.0,540
morph_V1_second_hump_amplitude_median,0.0,0.0,0.0,541
morph_V1_second_hump_amplitude_mean,0.0,0.0,0.0,542
st_V2_high_takeoff_gt_2mm_n_valid,0.0,0.0,0.0,543
st_V2_high_takeoff_gt_2mm_max,0.0,0.0,0.0,544
st_V3_st_j80_j0_ratio_median,0.0,0.0,0.0,545
st_V3_st_j80_j0_ratio_mean,0.0,0.0,0.0,546
st_V1_st_convexity_n_valid,0.0,0.0,0.0,547
st_V1_st_convexity_max,0.0,0.0,0.0,548
st_V1_st_convexity_min,0.0,0.0,0.0,549
st_V1_st_convexity_std,0.0,0.0,0.0,550
st_V1_st_convexity_median,0.0,0.0,0.0,551
st_V2_st_area_above_baseline_std,0.0,0.0,0.0,552
st_V2_st_slope_j0_j40_median,0.0,0.0,0.0,553
st_V2_st_area_above_baseline_mean,0.0,0.0,0.0,554
morph_V3_second_hump_present_n_valid,0.0,0.0,0.0,555
st_V3_r_amplitude_std,0.0,0.0,0.0,556
st_V3_st_j80_n_valid,0.0,0.0,0.0,557
morph_V3_second_hump_present_median,0.0,0.0,0.0,558
st_V3_st_j80_mean,0.0,0.0,0.0,559
st_V2_st_curvature_sign_n_valid,0.0,0.0,0.0,560
st_V3_j_point_confidence_mean,0.0,0.0,0.0,561
morph_V2_second_hump_present_n_valid,0.0,0.0,0.0,562
morph_V2_second_hump_present_max,0.0,0.0,0.0,563
morph_V2_second_hump_present_min,0.0,0.0,0.0,564
morph_V2_second_hump_present_std,0.0,0.0,0.0,565
morph_V2_second_hump_present_median,0.0,0.0,0.0,566
morph_V2_second_hump_present_mean,0.0,0.0,0.0,567
morph_V3_t_peak_value_n_valid,0.0,0.0,0.0,568
morph_V3_t_peak_value_median,0.0,0.0,0.0,569
morph_V3_t_peak_value_mean,0.0,0.0,0.0,570
st_V1_st_j20_n_valid,0.0,0.0,0.0,571
morph_V1_trough_depth_between_humps_mean,0.0,0.0,0.0,572
st_V3_st_j80_j0_ratio_n_valid,0.0,0.0,0.0,573
st_V3_st_j80_j0_ratio_max,0.0,0.0,0.0,574
st_V3_st_j80_j0_ratio_min,0.0,0.0,0.0,575
st_V3_st_j80_j0_ratio_std,0.0,0.0,0.0,576
st_V3_high_takeoff_gt_2mm_max,0.0,0.0,0.0,577
st_V3_high_takeoff_gt_2mm_min,0.0,0.0,0.0,578
st_V3_high_takeoff_gt_2mm_std,0.0,0.0,0.0,579
st_V3_high_takeoff_gt_2mm_median,0.0,0.0,0.0,580
st_V3_high_takeoff_gt_2mm_mean,0.0,0.0,0.0,581
st_V2_st_j80_n_valid,0.0,0.0,0.0,582
st_V2_st_j80_min,0.0,0.0,0.0,583
st_V2_st_j80_std,0.0,0.0,0.0,584
st_V2_st_j80_median,0.0,0.0,0.0,585
st_V2_st_j80_mean,0.0,0.0,0.0,586
st_V2_high_takeoff_gt_1mm_median,0.0,0.0,0.0,587
st_V1_st_j80_j0_ratio_n_valid,0.0,0.0,0.0,588
st_V1_st_j80_j0_ratio_median,0.0,0.0,0.0,589
st_V1_st_j80_j0_ratio_mean,0.0,0.0,0.0,590
morph_V1_t_polarity_n_valid,0.0,0.0,0.0,591
st_V3_j_point_confidence_median,0.0,0.0,0.0,592
st_V3_high_takeoff_gt_1mm_n_valid,0.0,0.0,0.0,593
st_V3_high_takeoff_gt_1mm_max,0.0,0.0,0.0,594
st_V3_high_takeoff_gt_1mm_min,0.0,0.0,0.0,595
st_V3_high_takeoff_gt_1mm_std,0.0,0.0,0.0,596
st_V3_high_takeoff_gt_1mm_median,0.0,0.0,0.0,597
st_V3_high_takeoff_gt_1mm_mean,0.0,0.0,0.0,598
morph_V2_high_takeoff_gt_1mm_n_valid,0.0,0.0,0.0,599
morph_V2_high_takeoff_gt_1mm_max,0.0,0.0,0.0,600
morph_V2_high_takeoff_gt_1mm_min,0.0,0.0,0.0,601
st_V3_st_j40_j0_ratio_n_valid,0.0,0.0,0.0,602
st_V3_st_j40_j0_ratio_max,0.0,0.0,0.0,603
st_V3_st_j40_j0_ratio_std,0.0,0.0,0.0,604
morph_V2_saddleback_score_n_valid,0.0,0.0,0.0,605
sq_aVR_mean,0.0,0.0,0.0,606
sq_III_range,0.0,0.0,0.0,607
st_V3_high_takeoff_gt_2mm_n_valid,0.0,0.0,0.0,608
morph_V1_t_peak_value_max,0.0,0.0,0.0,609
st_V2_s_amplitude_median,0.0,0.0,0.0,610
morph_V3_high_takeoff_gt_2mm_median,0.0,0.0,0.0,611
morph_V3_saddleback_score_n_valid,0.0,0.0,0.0,612
morph_V3_saddleback_score_min,0.0,0.0,0.0,613
morph_V3_saddleback_score_std,0.0,0.0,0.0,614
sq_aVL_snr_proxy,0.0,0.0,0.0,615
morph_V3_saddleback_score_mean,0.0,0.0,0.0,616
st_V2_st_j60_n_valid,0.0,0.0,0.0,617
st_V1_st_j40_n_valid,0.0,0.0,0.0,618
st_V1_st_j40_std,0.0,0.0,0.0,619
sq_aVL_mean,0.0,0.0,0.0,620
st_V1_high_takeoff_gt_2mm_max,0.0,0.0,0.0,621
st_V1_high_takeoff_gt_1mm_n_valid,0.0,0.0,0.0,622
st_V1_high_takeoff_gt_1mm_min,0.0,0.0,0.0,623
st_V1_high_takeoff_gt_1mm_median,0.0,0.0,0.0,624
sq_V4_max,0.0,0.0,0.0,625
sq_V4_min,0.0,0.0,0.0,626
sq_V4_std,0.0,0.0,0.0,627
sq_V3_baseline_drift,0.0,0.0,0.0,628
morph_V2_t_amplitude_median,0.0,0.0,0.0,629
st_V3_st_curvature_sign_n_valid,0.0,0.0,0.0,630
sq_aVR_snr_proxy,0.0,0.0,0.0,631
sq_V2_mean,0.0,0.0,0.0,632
st_V2_st_j40_mean,0.0,0.0,0.0,633
sq_V1_noise_energy,0.0,0.0,0.0,634
sq_V6_baseline_drift,0.0,0.0,0.0,635
sq_V6_rms,0.0,0.0,0.0,636
sq_V6_std,0.0,0.0,0.0,637
sq_V6_mean,0.0,0.0,0.0,638
st_V1_high_takeoff_gt_2mm_min,0.0,0.0,0.0,639
sq_V1_max,0.0,0.0,0.0,640
st_V2_st_slope_j0_j40_n_valid,0.0,0.0,0.0,641
st_V1_s_amplitude_max,0.0,0.0,0.0,642
st_V3_st_slope_j0_j40_n_valid,0.0,0.0,0.0,643
st_V2_rs_ratio_max,0.0,0.0,0.0,644
st_V2_rs_ratio_min,0.0,0.0,0.0,645
st_V2_rs_ratio_median,0.0,0.0,0.0,646
st_V2_rs_ratio_mean,0.0,0.0,0.0,647
morph_V3_t_mean_min,0.0,0.0,0.0,648
st_V3_st_slope_j0_j40_max,0.0,0.0,0.0,649
st_V1_st_j80_n_valid,0.0,0.0,0.0,650
st_V1_st_j80_max,0.0,0.0,0.0,651
st_V1_st_j80_min,0.0,0.0,0.0,652
st_V1_st_j80_std,0.0,0.0,0.0,653
st_V3_st_slope_j0_j40_min,0.0,0.0,0.0,654
st_V3_st_slope_j0_j40_std,0.0,0.0,0.0,655
st_V3_st_slope_j0_j40_median,0.0,0.0,0.0,656
sq_I_max,0.0,0.0,0.0,657
st_V3_st_slope_j0_j40_mean,0.0,0.0,0.0,658
st_V1_st_area_above_baseline_min,0.0,0.0,0.0,659
st_V1_st_area_above_baseline_mean,0.0,0.0,0.0,660
st_V2_st_j40_j0_ratio_n_valid,0.0,0.0,0.0,661
st_V2_st_j40_j0_ratio_max,0.0,0.0,0.0,662
st_V2_st_j40_j0_ratio_min,0.0,0.0,0.0,663
st_V2_st_j40_j0_ratio_std,0.0,0.0,0.0,664
st_V2_st_j40_j0_ratio_median,0.0,0.0,0.0,665
sq_V3_min,0.0,0.0,0.0,666
sq_V3_rms,0.0,0.0,0.0,667
sq_V3_std,0.0,0.0,0.0,668
sq_V3_mean,0.0,0.0,0.0,669
sq_V2_noise_energy,0.0,0.0,0.0,670
sq_V2_rms,0.0,0.0,0.0,671
sq_aVF_baseline_drift,0.0,0.0,0.0,672
