feature_type,shap_V1,shap_V2,shap_V3,dominant_lead,v1v2v3_variance
morph_LEAD_trough_depth_between_humps_min,0.015077065370833248,0.16544787590376542,0.00025577358988732013,V2,0.005568831335251744
st_LEAD_st_convexity_max,0.0,0.14139382781325543,0.0,V2,0.004442714343041005
st_LEAD_st_curvature_sign_mean,0.03760878426267845,0.12911641582224154,0.0854233450557236,V2,0.0013965514767200558
morph_LEAD_saddleback_score_max,0.0,0.11266502783578447,0.04885173444763165,V2,0.0021280040965358307
morph_LEAD_t_inversion_indicator_n_valid,0.0,0.07810299553302277,0.0003883842463007315,V2,0.0013488655067778286
st_LEAD_st_j20_max,0.029248875823928964,0.06786637818944942,0.015330401400345334,V2,0.0004938960307129125
st_LEAD_st_convexity_min,0.0,0.06632359059483901,0.0,V2,0.0009775152598648482
morph_LEAD_t_peak_value_max,0.0,0.0599363254133186,0.01122810768134143,V2,0.0006767693311978571
morph_LEAD_trough_depth_between_humps_n_valid,0.06707116280975507,0.059898987810573866,0.027598874010812728,V1,0.00029475544763594546
st_LEAD_st_convexity_mean,0.012571958559090605,0.05911960340986932,0.00590538519605245,V2,0.0005603199401851906
st_LEAD_st_j60_mean,0.00245113548086366,0.04903965903107415,0.0,V2,0.0005090429721797866
st_LEAD_high_takeoff_gt_1mm_mean,0.014477881496007613,0.04850463912352796,0.0,V2,0.00041334770041757035
morph_LEAD_high_takeoff_gt_1mm_mean,0.006211175841353731,0.046667315880806484,0.0,V2,0.0004281240381936669
morph_LEAD_t_peak_value_median,0.007142001571282537,0.044385160579661694,0.0,V2,0.0003786781732277745
st_LEAD_j_point_amplitude_max,0.0,0.04359054215741793,0.0029993275311819127,V2,0.00039519755956112136
morph_LEAD_t_amplitude_std,0.16922768395370996,0.04346063579096569,0.041699466129544276,V1,0.003564877607061578
sq_LEAD_max,0.0,0.03908004131173259,0.0035421605578549314,V2,0.0003114152776467974
st_LEAD_st_convexity_std,0.0,0.0350350960889785,0.0,V2,0.00027276843510310144
st_LEAD_st_convexity_median,0.0,0.034533658907184316,4.659984735438482e-06,V2,0.0002649805984244093
morph_LEAD_t_peak_value_n_valid,0.004507070125257673,0.03412407666319063,0.0,V2,0.0002291037072774739
morph_LEAD_saddleback_score_std,0.018875363163403738,0.03375274067573998,0.0,V2,0.00019076257770207764
st_LEAD_st_monotonicity_mean,0.002959908936429287,0.03257361439312616,0.0,V2,0.0002163081073800031
morph_LEAD_t_peak_value_std,0.007778251258215095,0.03192686468830714,0.007545273386470501,V2,0.00013085242263272673
morph_LEAD_high_takeoff_gt_2mm_max,0.05335385325255729,0.03185083147153751,0.008015626445053449,V1,0.00034289463937980024
st_LEAD_s_amplitude_mean,0.068578092480417,0.031368083044971254,0.0,V1,0.0007857218004838669
st_LEAD_st_j40_min,0.007227404094904086,0.03113842153680554,0.0034532516515754755,V2,0.00015027217926071653
morph_LEAD_saddleback_score_min,0.005417582384379934,0.030149225105670058,0.0,V2,0.00017222001389527244
st_LEAD_high_takeoff_gt_2mm_std,0.003982403732979921,0.028873765153127926,0.0,V2,0.00016323708077320767
st_LEAD_st_curvature_sign_min,0.08272317256121038,0.02833698210542503,0.008723286354565384,V1,0.0009798375479885173
morph_LEAD_high_takeoff_gt_2mm_n_valid,0.013069158649795558,0.02541048960490845,0.024470829052783895,V2,3.1465499963914105e-05
st_LEAD_st_j60_median,0.010548996595055194,0.02354539391058741,0.0,V2,9.273036075004286e-05
morph_LEAD_second_hump_amplitude_mean,0.0,0.023475735187338094,0.0,V2,0.000122468920574672
morph_LEAD_t_mean_min,0.0,0.022119196571573907,0.0,V2,0.00010872419043820597
st_LEAD_j_point_confidence_median,0.011275087826816011,0.021859801940301807,0.0,V2,7.966830213731808e-05
st_LEAD_st_j20_std,0.009238975887897504,0.020617672343027697,0.017127022542079946,V2,2.2653405452156425e-05
st_LEAD_j_point_confidence_std,0.0,0.019413520526423148,0.0,V2,8.375217316218954e-05
st_LEAD_st_j40_n_valid,0.0,0.018993733011227174,0.02557821318419963,V3,0.00011759580694960134
st_LEAD_rs_ratio_std,0.0,0.01870495945094641,0.006958667408910994,V2,5.958599298957489e-05
morph_LEAD_saddleback_score_mean,0.02765677804876498,0.01836780315896204,0.0,V1,0.00013206206882537933
st_LEAD_j_point_amplitude_std,0.0,0.018131776878420398,0.0024303593853945244,V2,6.457805453347718e-05
st_LEAD_j_point_confidence_n_valid,0.016350360180382148,0.018066112325416453,0.0,V2,6.629583311177559e-05
st_LEAD_st_area_above_baseline_max,0.0069676911612823805,0.017613783493566203,0.06289320016156666,V3,0.0005879141569647542
st_LEAD_st_slope_j0_j40_max,0.017430922906446853,0.01757990681897264,0.0,V2,6.810137703782731e-05
morph_LEAD_high_takeoff_gt_2mm_min,0.014428654712401637,0.01714834264164005,0.043741318586977725,V3,0.00017486837060951463
sq_LEAD_min,0.0284861471612499,0.016607929424616218,0.0,V1,0.00013648621738492197
st_LEAD_j_point_amplitude_min,0.0,0.015679617206830296,0.002613865873537773,V2,4.704406094011216e-05
morph_LEAD_t_inversion_indicator_max,0.00238628364955755,0.015305796795224475,0.0,V2,4.5208398345989994e-05
morph_LEAD_t_mean_n_valid,0.0,0.014917002517355416,0.006851490261264083,V2,3.716804120623821e-05
st_LEAD_st_slope_j0_j40_mean,0.02699900410956506,0.01480169406920138,0.0,V1,0.0001218678602719221
st_LEAD_j_point_confidence_max,0.009227893245573215,0.014731449032017637,0.0,V2,3.6939858958792785e-05
st_LEAD_st_curvature_sign_std,0.03728299617161846,0.014308312297521284,0.007539629586164123,V1,0.00016203544673316087
st_LEAD_st_j80_j0_ratio_std,0.032789968565598994,0.013241045184115322,0.0,V1,0.00018140752460843026
st_LEAD_st_j20_min,0.009185689117287392,0.012340439498147445,0.040562281217631314,V3,0.00019899059242627797
st_LEAD_s_amplitude_min,0.005502543040646173,0.011810815543213412,0.002138467317817639,V2,1.607395862543189e-05
morph_LEAD_high_takeoff_gt_1mm_median,0.0020559814776558195,0.011529852271326316,0.0136566123530556,V3,2.5427996996408743e-05
sq_LEAD_std,0.01336184855822484,0.010843849069998182,0.0,V1,3.3607597885393936e-05
st_LEAD_st_slope_j0_j40_min,0.06218403780848921,0.010712225783216067,0.0,V1,0.0007367726413959186
morph_LEAD_t_amplitude_min,0.005467858348893561,0.010450142215085587,0.09884336120118682,V3,0.0018396854275740879
st_LEAD_j_point_amplitude_n_valid,0.0,0.01011736769516524,0.0,V2,2.2746917573149598e-05
morph_LEAD_t_amplitude_n_valid,0.09491579231094138,0.009403616845708458,0.07984239066007788,V1,0.0013890178273996592
morph_LEAD_t_peak_value_min,0.005440371589370831,0.009123025991628076,0.002204699012150696,V2,7.98830762982263e-06
st_LEAD_j_point_confidence_min,0.0,0.008969997679006523,0.0,V2,1.7880190746973868e-05
st_LEAD_r_amplitude_max,0.0,0.008880899687433622,0.006510531443938325,V2,1.4097338283393247e-05
st_LEAD_st_j60_min,0.0025527941867113935,0.008797112854849291,0.0,V2,1.3655274263324178e-05
morph_LEAD_trough_depth_between_humps_std,0.014262480632230104,0.008152946397949513,0.017728837466293293,V3,1.567108089040992e-05
morph_LEAD_trough_depth_between_humps_max,0.008294584253371871,0.008011103658077431,0.03271969499210147,V3,0.00013413120906210227
morph_LEAD_t_amplitude_max,0.04820005320310182,0.00789258670410752,0.006131871509803178,V1,0.0003775026538381544
st_LEAD_st_j80_j0_ratio_max,0.05329930946497713,0.007800361517580745,0.0,V1,0.0005524240326186934
st_LEAD_high_takeoff_gt_1mm_min,0.0,0.007793021574205931,0.0,V2,1.3495818945786467e-05
morph_LEAD_high_takeoff_gt_2mm_std,0.035072111404583,0.007637013588100672,0.055861190391971266,V3,0.0003900490695283103
st_LEAD_st_j80_j0_ratio_median,0.0,0.007176382864617612,0.0,V2,1.1444549115461618e-05
morph_LEAD_t_amplitude_mean,0.0,0.006996297538511394,0.05618657874890164,V3,0.0006250626195901308
st_LEAD_rs_ratio_n_valid,0.0,0.006968246558116693,0.04051696186205988,V3,0.0003128552174634835
morph_LEAD_t_mean_mean,0.0,0.006833089149092675,0.020235011172173006,V3,7.063981093001556e-05
morph_LEAD_t_mean_std,0.0,0.006814187479233653,0.022616589600194668,V3,8.973990988203682e-05
morph_LEAD_t_mean_median,0.010495760515947973,0.006619186449575318,0.0014975497463446104,V1,1.3580754007350989e-05
st_LEAD_s_amplitude_n_valid,0.0,0.006481297980485992,0.0,V2,9.334938558189288e-06
st_LEAD_high_takeoff_gt_2mm_min,0.0,0.006422043810739663,0.0,V2,9.165032601568803e-06
morph_LEAD_second_hump_amplitude_min,0.0,0.00626256522786683,0.0028296562599290174,V2,6.55683797386556e-06
st_LEAD_st_j60_max,0.0018262669322216885,0.006244945853086542,0.0,V2,6.873258113489401e-06
sq_LEAD_baseline_drift,0.0017552347398381014,0.005989954562565265,0.0,V2,6.321472958947704e-06
morph_LEAD_high_takeoff_gt_1mm_std,0.004522052800806225,0.005774825324006788,0.00559072219707667,V2,3.050430260840881e-07
morph_LEAD_covedness_score_min,0.037701885303092444,0.005654309594557304,0.0,V1,0.00027560560902143696
st_LEAD_st_j80_max,0.0,0.005550677428848159,0.0010033080627828755,V2,5.832801682155391e-06
st_LEAD_st_area_above_baseline_min,0.0,0.00537993430290833,0.008647727817938388,V3,1.2711707108180854e-05
morph_LEAD_t_inversion_indicator_min,0.0,0.005171328202279967,0.004925562059788992,V2,5.673799775258204e-06
morph_LEAD_saddleback_score_median,0.011025766050539263,0.004884141395253337,0.0004171080159192735,V1,1.8913062879334213e-05
st_LEAD_r_amplitude_mean,0.00836566333015021,0.004810063775382505,0.0028411109030205685,V1,5.226638125283403e-06
morph_LEAD_high_takeoff_gt_2mm_mean,0.007364695245148641,0.004786136936776073,0.002572659284502432,V1,3.834672768324274e-06
st_LEAD_st_j20_n_valid,0.0,0.004632723654374049,0.03433499313075065,V3,0.00023139763264375376
sq_LEAD_snr_proxy,0.007628993351094569,0.00434997270412271,0.009660059177411653,V3,4.786024794211894e-06
st_LEAD_st_j60_std,0.010839757233262883,0.004275267340714938,0.008914850239870306,V1,7.59150266230119e-06
st_LEAD_high_takeoff_gt_1mm_max,0.024365203720684223,0.00412850784151956,0.0,V1,0.00011335906549485921
st_LEAD_st_slope_j0_j40_std,0.0568149023306538,0.0038948395849300486,0.0,V1,0.0006715151048050453
st_LEAD_r_amplitude_n_valid,0.016284953410244617,0.0037774511546758574,0.018923337063277472,V3,4.364406010333617e-05
sq_LEAD_range,0.011244433773040114,0.0037529243273691326,0.011769140624895322,V3,1.3406417198187315e-05
st_LEAD_st_monotonicity_std,0.0,0.0035910386817924905,0.0038763686392671803,V3,3.111467314028505e-06
st_LEAD_j_point_confidence_mean,0.00419493564489213,0.0035728266784156733,0.0,V1,3.416621678328414e-06
st_LEAD_st_area_above_baseline_n_valid,0.04478066271736695,0.003567061954108644,0.0903295935742806,V3,0.0012556669870247205
st_LEAD_st_j40_max,0.029309794015197222,0.003325244336505741,0.01536817207796494,V1,0.00011273308364790106
morph_LEAD_covedness_score_std,0.007168217558957656,0.0032137373639860756,0.00833002860409005,V3,4.796017174508752e-06
morph_LEAD_covedness_score_median,0.010901005159570905,0.0027331964299082754,0.0015714864119163844,V1,1.7233621074788108e-05
st_LEAD_s_amplitude_std,0.02500437555347182,0.002467958514960919,0.0,V1,0.0001265777454427013
st_LEAD_st_j40_j0_ratio_mean,0.006683381844039996,0.002452108929287796,0.06865799228046295,V3,0.0009157749999483233
morph_LEAD_covedness_score_mean,0.0015961308979247145,0.002353559352211223,0.006439638635305273,V3,4.5254787747953965e-06
st_LEAD_st_curvature_sign_median,0.0,0.00202620664555015,0.0036472691088586476,V3,2.226214314761551e-06
st_LEAD_high_takeoff_gt_1mm_n_valid,0.0,0.002008146946639151,0.0,V2,8.961453687324765e-07
st_LEAD_st_monotonicity_median,0.0015132164001239068,0.0018437115992765778,0.0,V2,6.442581568415461e-07
st_LEAD_s_amplitude_max,0.0,0.001815399055846405,0.0,V2,7.323719404373377e-07
st_LEAD_high_takeoff_gt_1mm_std,0.0028655424064728268,0.0015703313776674185,0.0,V1,1.372760614235566e-06
morph_LEAD_t_mean_max,0.0,0.0015332610383321922,0.0447893431670348,V3,0.00043105831020790445
morph_LEAD_second_hump_amplitude_median,0.0,0.0010606252073795217,0.0,V2,2.499835178953007e-07
morph_LEAD_high_takeoff_gt_2mm_median,0.034908875545625356,0.0010291882070517758,0.0,V1,0.0002630580038205553
st_LEAD_st_j40_std,0.0,0.0008798454945891604,0.032660912711060405,V3,0.00023083839784796882
st_LEAD_st_j20_mean,0.04624935538179597,0.0004979431699350805,0.009812751639244395,V1,0.00038973149649902824
st_LEAD_st_j40_median,0.07707391583586506,0.0002595915039872992,0.0,V1,0.0013156551458428738
morph_LEAD_second_hump_amplitude_n_valid,0.0,0.00014936103332869853,0.010665457885527661,V3,2.4929177070118904e-05
st_LEAD_st_area_above_baseline_median,0.0025921155799683137,7.271390231249254e-05,0.0074486282249250696,V3,9.3708013309468e-06
st_LEAD_st_slope_j20_j80_min,0.1422819929595616,3.022845085330574e-05,0.0803077042616324,V1,0.0033912055653339437
morph_LEAD_second_hump_amplitude_max,0.0032773263810700207,0.0,0.0030806146271157363,V1,2.2521944670000794e-06
morph_LEAD_covedness_score_n_valid,0.016483527484398654,0.0,0.0,V1,6.037926185087242e-05
morph_LEAD_high_takeoff_gt_1mm_min,0.02566473907000865,0.0,0.0,V1,0.0001463730736736952
morph_LEAD_high_takeoff_gt_1mm_n_valid,0.0,0.0,0.0,V1,0.0
morph_LEAD_covedness_score_max,0.008284417173925262,0.0,0.008631571051959698,V3,1.5917344727965646e-05
morph_LEAD_saddleback_score_n_valid,0.0,0.0,0.0,V1,0.0
morph_LEAD_second_hump_amplitude_std,0.0,0.0,0.0040861991041188555,V3,3.710449581889275e-06
morph_LEAD_second_hump_present_max,0.003966491761111934,0.0,0.005775097129717675,V3,5.817317458665744e-06
morph_LEAD_high_takeoff_gt_1mm_max,0.009888524478173125,0.0,0.0,V1,2.172953696787313e-05
morph_LEAD_second_hump_present_median,0.0,0.0,0.0,V1,0.0
morph_LEAD_second_hump_present_min,0.015456914704167296,0.0,0.06884941022980383,V3,0.0008699906755132041
morph_LEAD_second_hump_present_n_valid,0.05110308371135355,0.0,0.0,V1,0.0005803389255132465
morph_LEAD_t_polarity_std,0.022122187260666618,0.0,0.010516059321374439,V1,8.163120873220949e-05
morph_LEAD_t_polarity_n_valid,0.0,0.0,0.013122014214102558,V3,3.8263834896691024e-05
morph_LEAD_t_polarity_min,0.031030298438148963,0.0,0.007739177666830295,V1,0.00017391673321150074
morph_LEAD_t_polarity_median,0.004673699926041047,0.0,0.001712599792273987,V1,3.7271758943742544e-06
morph_LEAD_t_polarity_max,0.003619719029868602,0.0,0.0014501913502997109,V1,2.2124745733436184e-06
morph_LEAD_t_polarity_mean,0.019173922116326847,0.0,0.004161123669303482,V1,6.781537296946139e-05
morph_LEAD_t_peak_value_mean,0.0023841101035845177,0.0,0.0,V1,1.26310688578084e-06
morph_LEAD_t_inversion_indicator_std,0.0,0.0,0.004733276357130243,V3,4.978645571770699e-06
morph_LEAD_second_hump_present_std,0.04823398193107795,0.0,0.027620291574332177,V1,0.00039048019441138593
morph_LEAD_t_inversion_indicator_median,0.0,0.0,0.005037604568002761,V3,5.639435507458286e-06
morph_LEAD_t_inversion_indicator_mean,0.0,0.0,0.0,V1,0.0
morph_LEAD_t_amplitude_median,0.04336636298703294,0.0,0.004437160892399239,V1,0.0003795347345814412
morph_LEAD_second_hump_present_mean,0.03011680303006779,0.0,0.016958946189702007,V1,0.00015197298636096326
st_LEAD_rs_ratio_mean,0.0,0.0,0.008257204797555059,V3,1.5151429126392511e-05
st_LEAD_rs_ratio_max,0.011242031084050324,0.0,0.007136346578428692,V1,2.1574150071322902e-05
st_LEAD_r_amplitude_std,0.019530926055836777,0.0,0.0,V1,8.476823835523641e-05
sq_LEAD_noise_energy,0.0,0.0,0.017068483904927722,V3,6.474069840283927e-05
st_LEAD_high_takeoff_gt_2mm_mean,0.010893351858027648,0.0,0.0,V1,2.637002548950987e-05
morph_LEAD_trough_depth_between_humps_mean,0.0,0.0,0.0,V1,0.0
sq_LEAD_mean,0.007780485351931704,0.0,0.0,V1,1.3452433847027511e-05
morph_LEAD_trough_depth_between_humps_median,0.006766688753145209,0.0,0.009335203774546153,V3,1.5503486178822767e-05
sq_LEAD_rms,0.0034176061115645836,0.0,0.0,V1,2.595562563067465e-06
st_LEAD_rs_ratio_median,0.0,0.0,0.0010248723187927698,V3,2.3341405996170417e-07
st_LEAD_rs_ratio_min,0.0,0.0,0.0042244826249018845,V3,3.965834099577314e-06
st_LEAD_r_amplitude_min,0.013906605192537086,0.0,0.007547685155932364,V1,3.23107870251238e-05
st_LEAD_r_amplitude_median,0.005084621499243805,0.0,0.0,V1,5.745194620127183e-06
st_LEAD_high_takeoff_gt_2mm_max,0.0,0.0,0.0,V1,0.0
st_LEAD_high_takeoff_gt_1mm_median,0.0,0.0,0.0,V1,0.0
st_LEAD_high_takeoff_gt_2mm_median,0.008315569180841286,0.0,0.0,V1,1.5366375733634982e-05
st_LEAD_high_takeoff_gt_2mm_n_valid,0.0017225022835672395,0.0,0.0,V1,6.593364704209678e-07
st_LEAD_j_point_amplitude_mean,0.004618341993417375,0.0,0.019250110090625557,V3,6.733160654664949e-05
st_LEAD_j_point_amplitude_median,0.003012366019107258,0.0,0.0023172206336185947,V1,1.6585652894340058e-06
st_LEAD_st_area_above_baseline_std,0.009752356695734765,0.0,0.07478649991119317,V3,0.0011019520904284993
st_LEAD_st_area_above_baseline_mean,0.0,0.0,0.0018042643482414566,V3,7.234155196300374e-07
st_LEAD_s_amplitude_median,0.001210516248072803,0.0,0.0,V1,3.2563324152183465e-07
st_LEAD_st_j40_j0_ratio_n_valid,0.00775388276925408,0.0,0.0,V1,1.3360599555407846e-05
st_LEAD_st_j40_j0_ratio_min,0.0,0.0,0.00220921464146374,V3,1.0845842960128357e-06
st_LEAD_st_j40_mean,0.0398059037535967,0.0,0.0,V1,0.0003521133274756898
st_LEAD_st_curvature_sign_n_valid,0.09270604260229909,0.0,0.0,V1,0.0019098689633287316
st_LEAD_st_j20_median,0.056599612677131185,0.0,0.0018771629521915736,V1,0.0006890651555387659
st_LEAD_st_curvature_sign_max,0.0003232043093845207,0.0,0.01993741907308278,V3,8.692472901308984e-05
st_LEAD_st_convexity_n_valid,0.0,0.0,0.0,V1,0.0
st_LEAD_st_j40_j0_ratio_median,0.001810063949321748,0.0,0.0023654542134730937,V3,1.0200181646873287e-06
st_LEAD_st_j40_j0_ratio_max,0.0,0.0,0.0,V1,0.0
st_LEAD_st_j40_j0_ratio_std,0.0023182241965506033,0.0,0.0,V1,1.1942585389939312e-06
st_LEAD_st_j80_j0_ratio_n_valid,0.0,0.0,0.0,V1,0.0
st_LEAD_st_j80_j0_ratio_mean,0.0,0.0,0.0,V1,0.0
st_LEAD_st_j60_n_valid,0.0013980932246390782,0.0,0.005198665962197892,V3,4.82501617608577e-06
st_LEAD_st_monotonicity_max,0.0,0.0,0.016293932811380172,V3,5.899827699150474e-05
st_LEAD_st_j80_std,0.0,0.0,0.03400501754440844,V3,0.0002569647151545613
st_LEAD_st_j80_n_valid,0.0,0.0,0.0,V1,0.0
st_LEAD_st_j80_min,0.0,0.0,0.01702319773242452,V3,6.439761356382742e-05
st_LEAD_st_j80_mean,0.03374028755478258,0.0,0.0,V1,0.00025297933428431477
st_LEAD_st_j80_median,0.05444380542238373,0.0,0.016984667926770183,V1,0.0005173104305964796
st_LEAD_st_j80_j0_ratio_min,0.008978004563066175,0.0,0.0,V1,1.7912125763208235e-05
st_LEAD_st_monotonicity_min,0.011397675856562735,0.0,0.012966227681984093,V3,3.338782556237292e-05
st_LEAD_st_slope_j0_j40_median,0.010959986285781154,0.0,0.0,V1,2.6693622085446876e-05
st_LEAD_st_monotonicity_n_valid,0.011548946491152706,0.0,0.0,V1,2.963959223455742e-05
st_LEAD_st_slope_j20_j80_max,0.0019356230145561467,0.0,0.0,V1,8.325858787732056e-07
st_LEAD_st_slope_j0_j40_n_valid,0.0009690268235101516,0.0,0.0,V1,2.0866955215159432e-07
st_LEAD_st_slope_j20_j80_mean,0.0009431843305668555,0.0,0.0,V1,1.9768815142818832e-07
st_LEAD_st_slope_j20_j80_median,0.0009660171778467239,0.0,0.007965900723709526,V3,1.2598570353725746e-05
st_LEAD_st_slope_j20_j80_n_valid,0.0,0.0,0.004028457019570446,V3,3.6063257685614227e-06
st_LEAD_st_slope_j20_j80_std,0.015489791129040979,0.0,0.0,V1,5.331858427140368e-05
