feature,brugada_mean,normal_mean,effect_size,abs_effect,p_value
st_V2_st_monotonicity_min,0.5565110565110565,0.21095977193538168,1.2869547341898397,1.2869547341898397,2.6935456331114336e-19
st_V2_st_curvature_sign_mean,0.06314307711366536,0.7885012991375113,-1.2821793282653147,1.2821793282653147,1.713436002157252e-21
st_V2_st_monotonicity_median,0.6922604422604423,0.3327526132404181,1.221876214026517,1.221876214026517,3.339042474660943e-19
st_V2_st_monotonicity_mean,0.6903325099849164,0.34017304483013633,1.2215999109448217,1.2215999109448217,2.3215310241925826e-19
st_V2_st_j20_median,0.2791114864864864,0.1347560975609756,1.14380109987035,1.14380109987035,3.4529648689027437e-15
st_V2_st_j20_mean,0.2753343279308353,0.13380161288555717,1.142903710974383,1.142903710974383,3.4707432095329737e-15
st_V2_st_monotonicity_max,0.8304668304668306,0.49445676274944556,1.1423023776537424,1.1423023776537424,3.211365218243359e-19
st_V2_j_point_amplitude_mean,0.2940712363864938,0.14234075473622543,1.1253806391041548,1.1253806391041548,2.2115383393057007e-16
st_V2_j_point_amplitude_median,0.2970979729729729,0.14323432055749125,1.1173442992787734,1.1173442992787734,3.331267747289691e-16
st_V2_st_curvature_sign_median,0.10810810810810811,0.8658536585365854,-1.0837230502013597,1.0837230502013597,6.286853322170317e-17
st_V2_st_slope_j20_j80_mean,-0.001359315548083895,0.0004159391515252998,-1.0458477280664096,1.0458477280664096,1.1060463831593949e-17
st_V2_st_slope_j20_j80_median,-0.0013904279279279039,0.00042279326364690946,-1.0436631835607504,1.0436631835607504,6.075951116308012e-18
st_V2_st_curvature_sign_min,-0.7567567567567568,0.25435540069686413,-1.016491993989033,1.016491993989033,6.667850317579389e-15
st_V2_st_convexity_median,-7.77027027027053e-05,0.0025686411149825443,-1.0117691803325892,1.0117691803325892,7.755860694755813e-14
morph_V2_high_takeoff_gt_2mm_mean,0.7348229098229097,0.2896598388181542,1.008034343886478,1.008034343886478,1.4647437722047614e-13
st_V2_high_takeoff_gt_2mm_mean,0.7348229098229097,0.2896598388181542,1.008034343886478,1.008034343886478,1.4647437722047614e-13
st_V2_high_takeoff_gt_2mm_min,0.6081081081081081,0.1672473867595819,1.006693781631137,1.006693781631137,1.1573242778432734e-14
morph_V2_high_takeoff_gt_2mm_min,0.6081081081081081,0.1672473867595819,1.006693781631137,1.006693781631137,1.1573242778432734e-14
st_V1_st_j40_max,0.19248648648648647,0.11663763066202089,1.0054895708511105,1.0054895708511105,5.169220883907456e-11
st_V2_st_convexity_mean,-0.0002567706340868167,0.0024186978111007252,-0.9968124322975341,0.9968124322975341,3.666524414247074e-15
st_V1_st_j40_mean,0.1453796948569007,0.08263673595685686,0.9705901390105991,0.9705901390105991,1.4894887315647272e-11
cl_max_st_j40_v1v3,0.2720304054054054,0.1578658536585366,0.9691018001934467,0.9691018001934467,3.7720825663580855e-11
st_V2_st_j40_median,0.23884797297297297,0.1285923344947735,0.9604708933318049,0.9604708933318049,1.7385711164253332e-11
st_V1_st_j40_median,0.14643243243243242,0.08269686411149824,0.9600645648548426,0.9600645648548426,2.937717904770374e-11
st_V2_st_j40_mean,0.23663886333095893,0.12750537379261181,0.9587038522413184,0.9587038522413184,1.1546502671614708e-11
cl_mean_st_j40_v1v3,0.18222747747747745,0.10373606271777001,0.9495199586683898,0.9495199586683898,9.077352176197674e-11
st_V2_st_slope_j20_j80_min,-0.0021905405405405107,-0.0003662020905923274,-0.9442123337667162,0.9442123337667162,7.460655564602614e-16
st_V2_high_takeoff_gt_2mm_median,0.7432432432432432,0.289198606271777,0.9385853468885671,0.9385853468885671,7.740746625840379e-13
morph_V2_high_takeoff_gt_2mm_median,0.7432432432432432,0.289198606271777,0.9385853468885671,0.9385853468885671,7.740746625840379e-13
st_V1_st_j20_mean,0.1850594581028404,0.104520664732906,0.9247150905986972,0.9247150905986972,8.873724446770382e-14
st_V1_st_j20_median,0.18957094594594595,0.10438763066202089,0.9204512968641015,0.9204512968641015,4.938042038785632e-14
st_V1_high_takeoff_gt_2mm_mean,0.42233894219188334,0.11594418418252575,0.9185351623331915,0.9185351623331915,2.7286457954953767e-11
morph_V1_high_takeoff_gt_2mm_mean,0.42233894219188334,0.11594418418252575,0.9185351623331915,0.9185351623331915,2.7286457954953767e-11
st_V2_st_j20_max,0.33502027027027026,0.18757142857142853,0.9017617242774648,0.9017617242774648,1.2350261540466837e-13
morph_V1_high_takeoff_gt_2mm_median,0.4391891891891892,0.10627177700348432,0.8844618067591711,0.8844618067591711,1.8007341576315862e-11
st_V1_high_takeoff_gt_2mm_median,0.4391891891891892,0.10627177700348432,0.8844618067591711,0.8844618067591711,1.8007341576315862e-11
st_V2_j_point_amplitude_max,0.35306081081081075,0.20047212543554008,0.8779179997917145,0.8779179997917145,3.830124010067658e-14
st_V2_st_curvature_sign_std,0.6089165012569409,0.263268323735027,0.8777043912332535,0.8777043912332535,1.3618671980773025e-11
st_V1_st_j20_max,0.23538513513513512,0.14673519163763063,0.8665151412190908,0.8665151412190908,2.7226964956270177e-12
st_V1_st_slope_j20_j80_median,-0.0018495495495495068,-0.0006698896631823156,-0.8617459183977393,0.8617459183977393,5.742540853006564e-20
st_V1_st_slope_j20_j80_mean,-0.001786048633475063,-0.0006734921136176625,-0.8538817632038608,0.8538817632038608,3.092288428511649e-17
st_V1_j_point_amplitude_mean,0.2040499406528818,0.12108526692149878,0.8368233565699956,0.8368233565699956,6.220604466173763e-13
st_V1_j_point_amplitude_median,0.20868243243243242,0.12077700348432055,0.8329193006026105,0.8329193006026105,4.7300700852783476e-14
morph_V2_high_takeoff_gt_1mm_min,0.8513513513513513,0.4425087108013937,0.8176852794645447,0.8176852794645447,3.5865121173721935e-10
st_V2_high_takeoff_gt_1mm_min,0.8513513513513513,0.4425087108013937,0.8176852794645447,0.8176852794645447,3.5865121173721935e-10
st_V2_st_slope_j20_j80_max,-0.0005436936936936703,0.0011522648083623452,-0.8010865734321745,0.8010865734321745,3.345268351233247e-16
morph_V1_high_takeoff_gt_1mm_mean,0.8872179997179999,0.5621093800650925,0.7883057325878919,0.7883057325878919,1.8183523146766309e-10
st_V1_high_takeoff_gt_1mm_mean,0.8872179997179999,0.5621093800650925,0.7883057325878919,0.7883057325878919,1.8183523146766309e-10
morph_V1_high_takeoff_gt_2mm_max,0.6081081081081081,0.24390243902439024,0.7806117394375204,0.7806117394375204,2.1423847889236348e-09
st_V1_high_takeoff_gt_2mm_max,0.6081081081081081,0.24390243902439024,0.7806117394375204,0.7806117394375204,2.1423847889236348e-09
st_V1_high_takeoff_gt_1mm_min,0.7027027027027027,0.32752613240418116,0.7633872489679122,0.7633872489679122,4.783001185253829e-09
morph_V1_high_takeoff_gt_1mm_min,0.7027027027027027,0.32752613240418116,0.7633872489679122,0.7633872489679122,4.783001185253829e-09
st_V1_st_monotonicity_mean,0.8647884052964269,0.6892310613262553,0.7615532216509301,0.7615532216509301,1.0399291980362996e-10
sq_V4_snr_proxy,2687.3857582757387,1031.4260590709068,0.7603547935763791,0.7603547935763791,2.283968733729066e-09
st_V1_st_monotonicity_median,0.8771498771498771,0.6959138422553057,0.7571931661621674,0.7571931661621674,3.7905422839158765e-10
morph_V2_high_takeoff_gt_1mm_mean,0.9222736722736723,0.5998737639709689,0.7546271822940862,0.7546271822940862,4.390939405627804e-10
st_V2_high_takeoff_gt_1mm_mean,0.9222736722736723,0.5998737639709689,0.7546271822940862,0.7546271822940862,4.390939405627804e-10
st_V1_st_slope_j20_j80_min,-0.0024520270270269877,-0.0012615563298489752,-0.7529085611103457,0.7529085611103457,1.2155855965020017e-15
st_V2_j_point_amplitude_min,0.2209527027027027,0.08971602787456444,0.7484020953921233,0.7484020953921233,1.1435916890813667e-14
morph_V2_saddleback_score_median,0.03752027027027024,0.005173780487804856,0.7434840921131246,0.7434840921131246,0.0033943273659748866
st_V1_st_area_above_baseline_mean,1.3729825712178656,0.9089154797206114,0.7403685655685747,0.7403685655685747,6.381940017150684e-08
st_V1_st_convexity_mean,-0.0014491984122130973,1.408590762744626e-05,-0.7355853985388263,0.7355853985388263,5.6460230535511315e-09
sq_V5_snr_proxy,3539.1899548047413,1433.3452856970366,0.735319423424321,0.735319423424321,4.7218896363430346e-08
st_V1_st_area_above_baseline_median,1.3769037162162159,0.9048593205574912,0.735251735568141,0.735251735568141,9.571768326727656e-08
st_V2_st_convexity_max,0.0024270270270269974,0.004317770034843165,-0.7319275200312202,0.7319275200312202,1.8817628614175545e-07
st_V2_high_takeoff_gt_2mm_max,0.8108108108108109,0.445993031358885,0.7292540838304696,0.7292540838304696,2.2349079178587622e-08
morph_V2_high_takeoff_gt_2mm_max,0.8108108108108109,0.445993031358885,0.7292540838304696,0.7292540838304696,2.2349079178587622e-08
st_V2_st_j40_max,0.28641891891891885,0.17453135888501742,0.7249274561847331,0.7249274561847331,1.1694691924249628e-11
morph_V2_saddleback_score_mean,0.047752674814623294,0.010549612817742271,0.7218395052319317,0.7218395052319317,2.4214641078468947e-13
morph_V1_high_takeoff_gt_1mm_median,0.9121621621621622,0.5679442508710801,0.7209079559341576,0.7209079559341576,3.3861744041113186e-08
st_V1_high_takeoff_gt_1mm_median,0.9121621621621622,0.5679442508710801,0.7209079559341576,0.7209079559341576,3.3861744041113186e-08
st_V1_st_convexity_min,-0.004117567567567535,-0.001943902439024358,-0.7195005209095489,0.7195005209095489,1.702464996184645e-12
st_V1_j_point_amplitude_max,0.2623243243243243,0.17102961672473865,0.7190890057215592,0.7190890057215592,2.603782748827733e-12
st_V1_st_monotonicity_min,0.7100737100737101,0.5210643015521065,0.7183096291896485,0.7183096291896485,6.047353944994884e-09
cl_var_st_j40_v1v3,0.008186419857357302,0.0030025076461478394,0.7168550182546035,0.7168550182546035,6.342587055234673e-07
st_V1_st_convexity_median,-0.0013574324324324176,6.672473867596445e-05,-0.7127279964303037,0.7127279964303037,1.6042440786410773e-07
st_V1_st_j40_min,0.09850675675675676,0.048597560975609744,0.7115328698862594,0.7115328698862594,3.482942230353213e-08
st_V2_st_j20_min,0.20359459459459459,0.08257491289198603,0.7074782898018213,0.7074782898018213,5.296987268177376e-13
st_V1_st_monotonicity_max,0.9668304668304668,0.8280012670256572,0.7039925298036471,0.7039925298036471,2.5941669130268136e-10
morph_V2_high_takeoff_gt_1mm_median,0.9324324324324325,0.6045296167247387,0.702864979290402,0.702864979290402,5.8318272183865085e-08
st_V2_high_takeoff_gt_1mm_median,0.9324324324324325,0.6045296167247387,0.702864979290402,0.702864979290402,5.8318272183865085e-08
morph_V1_saddleback_score_mean,0.06279533415709883,0.022205006833824335,0.7000479428704767,0.7000479428704767,2.0665091596523982e-11
st_V1_st_j60_max,0.15162162162162157,0.10329965156794424,0.695871287263286,0.695871287263286,4.000497824856237e-06
st_V3_st_curvature_sign_mean,0.5479967391732097,0.8579097571085251,-0.6913864125310061,0.6913864125310061,1.7845205836380223e-06
st_V2_st_area_above_baseline_min,2.0751891891891896,1.2494991289198607,0.6861000156703996,0.6861000156703996,5.96202818838107e-07
morph_V1_t_amplitude_mean,0.05603665062856235,0.040090831751450604,0.6834804649625659,0.6834804649625659,7.97855216588398e-06
st_V1_high_takeoff_gt_2mm_min,0.24324324324324326,0.04878048780487805,0.6832322328345657,0.6832322328345657,1.6125932727631421e-07
morph_V1_high_takeoff_gt_2mm_min,0.24324324324324326,0.04878048780487805,0.6832322328345657,0.6832322328345657,1.6125932727631421e-07
st_V2_st_area_above_baseline_median,2.553760135135135,1.6726106271777001,0.6823761667767705,0.6823761667767705,2.391428178264484e-07
st_V1_st_j60_median,0.11024324324324324,0.0712308362369338,0.6763747123605308,0.6763747123605308,6.041140742844148e-07
st_V1_st_area_above_baseline_max,1.7517027027027028,1.2453597560975609,0.6760487619544131,0.6760487619544131,7.525713031111921e-06
st_V2_st_area_above_baseline_mean,2.5412025701163565,1.680811717711998,0.6717393059016732,0.6717393059016732,2.531041497360972e-07
st_V1_st_area_above_baseline_min,1.015233108108108,0.6148815331010453,0.6710789151619956,0.6710789151619956,3.3416897015196483e-06
st_V3_st_curvature_sign_median,0.5878378378378378,0.9233449477351916,-0.6614734379116817,0.6614734379116817,1.0875445892111058e-06
morph_V1_saddleback_score_median,0.05305405405405403,0.015212833914053397,0.6590104059861117,0.6590104059861117,1.3881847068746093e-06
st_V1_st_j60_mean,0.10877419614809317,0.07126645825474874,0.6577622953277814,0.6577622953277814,1.3360724463308003e-06
st_V3_st_convexity_median,0.001218243243243215,0.0030872822299651105,-0.6568867480298451,0.6568867480298451,2.542167294811383e-05
morph_V1_saddleback_score_max,0.13925337837837834,0.06962688734030192,0.6553729873747883,0.6553729873747883,3.4254636809026336e-12
morph_V1_t_amplitude_min,0.034074324324324314,0.02330313588850172,0.647644252861653,0.647644252861653,5.6666031817605175e-06
morph_V3_t_polarity_min,-0.32432432432432434,-0.7874564459930313,0.6428158636556176,0.6428158636556176,1.0333141417897279e-06
st_V2_st_j60_median,0.21039527027027027,0.13676306620209056,0.6322978006359004,0.6322978006359004,1.6018174128982104e-06
st_V2_st_j60_mean,0.2083893560053486,0.135468869337228,0.6304008481348765,0.6304008481348765,1.0413506481276498e-06
st_V2_st_curvature_sign_max,0.7297297297297297,0.9721254355400697,-0.6268606679097886,0.6268606679097886,1.537950970331858e-06
morph_V3_t_polarity_mean,0.06271754654107595,-0.43484199039424976,0.6216348082498461,0.6216348082498461,2.7100305802167664e-05
morph_V1_t_amplitude_median,0.05099999999999998,0.03828658536585364,0.6182099601894594,0.6182099601894594,1.2551325703339582e-05
sq_V6_snr_proxy,3956.973122669287,1882.578412400613,0.6175262843858865,0.6175262843858865,9.577433651157179e-05
morph_V2_t_amplitude_mean,0.06811881397782128,0.046595390286909684,0.6146231339969824,0.6146231339969824,8.506797222269724e-06
morph_V2_t_amplitude_median,0.06241554054054051,0.04377264808362367,0.6133124083206909,0.6133124083206909,5.265502004163172e-06
st_V1_st_j20_min,0.11843243243243243,0.0643588850174216,0.6122927072591352,0.6122927072591352,6.151256461019244e-09
st_V1_s_amplitude_std,0.06858681794079703,0.10790757314765072,-0.6121801457177023,0.6121801457177023,1.163982456117105e-07
st_V1_st_curvature_sign_mean,-0.397210738387209,-0.006124147340800881,-0.6093714116597146,0.6093714116597146,2.7257140088121343e-06
morph_V3_t_polarity_median,0.10810810810810811,-0.4564459930313589,0.6053704786367948,0.6053704786367948,3.1090823421275192e-06
st_V3_st_convexity_mean,0.0012192484210498621,0.0029993032350929907,-0.6049416681257885,0.6049416681257885,5.437325484791466e-05
morph_V2_t_mean_median,0.01880197993580344,0.0022358434048188585,0.5962744810770668,0.5962744810770668,6.1445031607401575e-06
morph_V2_t_amplitude_min,0.042702702702702676,0.028240418118466865,0.5951453175707273,0.5951453175707273,2.181925109822171e-06
st_V3_st_j20_min,0.10681756756756756,0.042501742160278744,0.589259250017602,0.589259250017602,2.3082632614482802e-05
st_V3_st_j40_min,0.1283851351351351,0.06143379790940765,0.5871466169042318,0.5871466169042318,0.00010213882344606919
morph_V2_covedness_score_mean,0.06023492602159877,0.10483775408861816,-0.5831686756895458,0.5831686756895458,3.687374063260322e-08
st_V2_st_j40_min,0.17375675675675678,0.08079268292682926,0.5803049937734719,0.5803049937734719,4.25933385106906e-10
st_V1_high_takeoff_gt_1mm_max,0.9864864864864865,0.7560975609756098,0.5788129993679519,0.5788129993679519,9.051707973934493e-06
morph_V1_high_takeoff_gt_1mm_max,0.9864864864864865,0.7560975609756098,0.5788129993679519,0.5788129993679519,9.051707973934493e-06
sq_aVR_min,-0.6300135135135135,-0.8009268292682927,0.5785900813170971,0.5785900813170971,4.551642491357531e-06
morph_V2_t_polarity_min,0.08108108108108109,-0.4529616724738676,0.5687466975193991,0.5687466975193991,1.3648802158479027e-05
st_V3_st_curvature_sign_min,0.0,0.5121951219512195,-0.56568115885979,0.56568115885979,1.294215193639217e-05
st_V2_st_slope_j0_j40_median,-0.0014739864864864688,-0.00034107142857142827,-0.5633312792444173,0.5633312792444173,5.985842443719879e-11
sq_II_max,0.8129054054054055,1.1034912891986062,-0.5615396213787219,0.5615396213787219,1.7207980540756397e-06
morph_V2_covedness_score_min,0.013379504504504468,0.042943960511033635,-0.5600816561368993,0.5600816561368993,1.9844022570162304e-08
morph_V2_covedness_score_median,0.0562004504504504,0.1015521196283391,-0.556723024340653,0.556723024340653,6.26551923869549e-09
morph_V1_saddleback_score_std,0.03738792943279203,0.02105445789511528,0.5537593732798362,0.5537593732798362,9.978774042218407e-12
st_V2_st_slope_j0_j40_mean,-0.001435809326388346,-0.00037088452359033464,-0.5375565799445533,0.5375565799445533,4.505022096456462e-10
st_V3_st_convexity_max,0.0032878378378377988,0.0048268292682926445,-0.5346584558904851,0.5346584558904851,0.001844660630631172
st_V3_st_j40_mean,0.1613977734010822,0.0994912990770231,0.5333086550755706,0.5333086550755706,0.0008225287518756233
st_V1_st_curvature_sign_max,0.43243243243243246,0.7979094076655052,-0.5313797588012987,0.5313797588012987,2.111176608179501e-05
st_V3_st_j40_median,0.161402027027027,0.0999189895470383,0.52869347195065,0.52869347195065,0.0008877734440471288
morph_V2_t_mean_mean,0.01809879835298253,0.0029595474537776247,0.5234598118135426,0.5234598118135426,3.593345322210645e-05
st_V3_st_j60_min,0.14989189189189184,0.08614111498257837,0.5219347212343218,0.5219347212343218,0.0005762368696872624
st_V2_st_convexity_min,-0.003718918918918897,-0.0001801393728223102,-0.5208032095386829,0.5208032095386829,9.780188252345896e-19
st_V1_r_amplitude_min,-0.5698851351351352,-0.7880156794425087,0.5190021317315952,0.5190021317315952,9.52792430262698e-05
st_V2_high_takeoff_gt_1mm_max,0.9594594594594594,0.7491289198606271,0.5177183257211883,0.5177183257211883,7.184780223671195e-05
morph_V2_high_takeoff_gt_1mm_max,0.9594594594594594,0.7491289198606271,0.5177183257211883,0.5177183257211883,7.184780223671195e-05
sq_III_snr_proxy,1467.053946356041,695.1598076221591,0.510870381251,0.510870381251,0.0013674903154524845
cl_v2v3_st_diff,0.07744594594594593,0.028673344947735182,0.5097911629556956,0.5097911629556956,3.1232754340399e-06
morph_V2_t_polarity_mean,0.5123858167975814,0.10987465775170331,0.5089631567700721,0.5089631567700721,1.7456911176248978e-05
st_V3_st_j20_mean,0.13821077789901315,0.08147251081368745,0.5066356125454242,0.5066356125454242,0.0003291339682267582
st_V3_st_area_above_baseline_min,1.7973614864864864,1.178494773519164,0.5064537457333163,0.5064537457333163,0.000718966106380077
st_V2_st_area_above_baseline_max,3.0123952702702708,2.1750034843205577,0.5043301900489863,0.5043301900489863,1.2389648216288905e-06
morph_V3_t_mean_median,0.0004733627047965262,-0.016147509184042005,0.5008833442446586,0.5008833442446586,2.0024650534999455e-05
morph_V3_saddleback_score_median,0.031769707207207176,0.005700348432055712,0.4974807123680547,0.4974807123680547,0.18443481774714165
st_V3_st_j20_median,0.13814864864864865,0.08217682926829269,0.49491633506880606,0.49491633506880606,0.00041652458349958793
st_V1_st_slope_j0_j40_std,0.000936024393584816,0.0005260596675479309,0.4902501615132169,0.4902501615132169,1.8720903396549888e-07
st_V1_r_amplitude_mean,-0.465271970417191,-0.6596737835392048,0.4886825976000356,0.4886825976000356,0.0001777989166121721
st_V1_st_slope_j20_j80_max,-0.0007963963963963626,-0.000124099883855972,-0.4881622455758535,0.4881622455758535,6.600416779558761e-12
st_V3_j_point_amplitude_min,0.07868243243243242,0.024869337979094075,0.48490652078831514,0.48490652078831514,0.00015378258462340276
st_V1_st_j40_std,0.02765510541106375,0.019045186838051183,0.4831901769659164,0.4831901769659164,0.006277463863331763
st_V1_st_curvature_sign_median,-0.4864864864864865,-0.020905923344947737,-0.4818402390889506,0.4818402390889506,0.00019126164153323945
st_V2_st_j60_max,0.2559256756756757,0.18130662020905922,0.48174106906498054,0.48174106906498054,1.1778652585287634e-06
st_V1_r_amplitude_median,-0.47234459459459455,-0.6663257839721255,0.4805807524749114,0.4805807524749114,0.00023387468088491086
st_V2_st_j80_j0_ratio_mean,0.8092899861949077,1.6091198007155336,-0.4789794135179595,0.4789794135179595,4.324960196004034e-09
sq_aVF_max,0.6538783783783784,0.9029059233449478,-0.4764274611889376,0.4764274611889376,3.8350123733798134e-05
cl_v1v2_st_diff,-0.09241554054054055,-0.04589547038327525,-0.47543659406129835,0.47543659406129835,0.0004001132103352311
morph_V3_high_takeoff_gt_1mm_min,0.43243243243243246,0.2229965156794425,0.4733664337088805,0.4733664337088805,0.0002834543247730418
st_V3_high_takeoff_gt_1mm_min,0.43243243243243246,0.2229965156794425,0.4733664337088805,0.4733664337088805,0.0002834543247730418
morph_V3_t_mean_mean,-0.000535036203319775,-0.016231895641473166,0.47066019824770244,0.47066019824770244,2.643972496524933e-05
st_V2_st_slope_j0_j40_min,-0.0025442567567567176,-0.0013022648083623528,-0.46846484086012813,0.46846484086012813,2.7639636856226228e-09
st_V1_r_amplitude_max,-0.33423648648648646,-0.5102090592334495,0.46736898005020777,0.46736898005020777,0.00023330037828538916
st_V3_st_j60_mean,0.18716264393396742,0.1285398118125032,0.4638246552280868,0.4638246552280868,0.004256710150517494
st_V1_st_j60_std,0.024895740628218654,0.017598715355443006,0.4623282758753588,0.4623282758753588,0.017579154836756154
st_V3_st_j40_max,0.19522297297297295,0.13827351916376304,0.46054566667831276,0.46054566667831276,0.0028041875474438885
st_V1_j_point_amplitude_min,0.1262972972972973,0.07722648083623693,0.46053956411405544,0.46053956411405544,5.665959940699863e-08
st_V3_st_j60_median,0.18707094594594595,0.1288998257839721,0.4594504078048175,0.4594504078048175,0.004568216984447491
sq_V6_max,0.9105270270270271,1.1284250871080141,-0.4592848923271651,0.4592848923271651,0.0004875003928368215
morph_V3_covedness_score_max,0.19117680180180177,0.27076596980255513,-0.4590056372652656,0.4590056372652656,0.0003477124568760818
morph_V1_t_amplitude_max,0.1191554054054054,0.06651045296167246,0.4562364904599067,0.4562364904599067,0.004927840340241322
st_V2_st_j80_j0_ratio_max,1.2231213162674677,2.912051854675976,-0.45171986760182353,0.45171986760182353,9.993781298143758e-13
sq_V2_mean,0.013663367117117093,0.02727090011614399,-0.4516871625128092,0.4516871625128092,0.0016038741763441911
st_V3_st_curvature_sign_std,0.3327157846673364,0.17800784965200492,0.4464780393337534,0.4464780393337534,0.0003667750922027404
st_V1_st_j60_min,0.06672297297297294,0.039550522648083605,0.4457537448243377,0.4457537448243377,0.0016209380681154724
morph_V2_t_peak_value_median,0.019347972972972978,-0.005146341463414632,0.44231680716431815,0.44231680716431815,4.203730904158267e-05
morph_V3_high_takeoff_gt_1mm_mean,0.5255989594224889,0.3274244752405721,0.4397896216690953,0.4397896216690953,0.0006954031874867142
st_V3_high_takeoff_gt_1mm_mean,0.5255989594224889,0.3274244752405721,0.4397896216690953,0.4397896216690953,0.0006954031874867142
st_V2_high_takeoff_gt_1mm_std,0.04001671142165606,0.11661408250029316,-0.4397715913108443,0.4397715913108443,0.000516738528292238
morph_V2_high_takeoff_gt_1mm_std,0.04001671142165606,0.11661408250029316,-0.4397715913108443,0.4397715913108443,0.000516738528292238
st_V2_rs_ratio_mean,1.0232214655784693,-0.44528833196589873,0.4397288478950473,0.4397288478950473,0.003148974907064744
st_V1_s_amplitude_min,-0.6270540540540541,-0.7901358885017422,0.43911927787878396,0.43911927787878396,0.0005276941885892836
st_V3_j_point_amplitude_mean,0.1142835853644677,0.06517336745362554,0.4313185936665284,0.4313185936665284,0.0005155708884892959
morph_V3_saddleback_score_mean,0.03467068232555361,0.009498282756067384,0.42973936731934076,0.42973936731934076,0.0037920664060057696
sq_aVF_snr_proxy,1800.138478847069,976.5091550447065,0.4288737356110806,0.4288737356110806,0.00012757565977806432
st_V1_st_convexity_std,0.001484232954638108,0.001069744081126478,0.428403928887541,0.428403928887541,1.4404964240491253e-06
st_V3_st_j20_max,0.17070945945945945,0.11918118466898954,0.42719404461449456,0.42719404461449456,0.0018109107040579018
sq_I_min,-0.3220945945945946,-0.22436236933797907,-0.424443200508283,0.424443200508283,0.01921766434712281
sq_aVR_mean,-0.028315349099099062,-0.03449857433217186,0.42090322842139505,0.42090322842139505,0.001526654946054714
morph_V2_t_polarity_median,0.5135135135135135,0.10104529616724739,0.420387049425428,0.420387049425428,0.0012258560854323639
st_V3_st_j80_min,0.18224999999999997,0.12478919860627176,0.4188731943200006,0.4188731943200006,0.006112522651570366
st_V3_j_point_amplitude_median,0.11396959459459455,0.06563327526132404,0.41777211019765326,0.41777211019765326,0.0005802498792695141
st_V3_high_takeoff_gt_1mm_median,0.527027027027027,0.32578397212543553,0.41756392187315566,0.41756392187315566,0.0014047906299620085
morph_V3_high_takeoff_gt_1mm_median,0.527027027027027,0.32578397212543553,0.41756392187315566,0.41756392187315566,0.0014047906299620085
st_V2_st_j80_j0_ratio_min,0.39266261370250477,0.8021723946843677,-0.416839691855811,0.416839691855811,9.577433651157179e-05
st_V2_rs_ratio_max,11.872209541577343,0.06717957032601807,0.41630468592682157,0.41630468592682157,0.007745614911895894
morph_V3_covedness_score_mean,0.10470549734354875,0.15300669361373018,-0.4160748614608492,0.4160748614608492,0.0001477244736605582
morph_V3_saddleback_score_min,0.016523648648648616,0.002794425087107982,0.41405502554867096,0.41405502554867096,0.33331460591388673
sq_II_range,1.259972972972973,1.5048466898954702,-0.41308128865574717,0.41308128865574717,0.0001037298255163262
st_V3_st_area_above_baseline_mean,2.120062307220028,1.5742418213315104,0.4123683092725648,0.4123683092725648,0.008008335284233697
morph_V1_high_takeoff_gt_2mm_std,0.14304926795599887,0.07416967032561206,0.4107407893330762,0.4107407893330762,0.0018426149390447532
st_V1_high_takeoff_gt_2mm_std,0.14304926795599887,0.07416967032561206,0.4107407893330762,0.4107407893330762,0.0018426149390447532
st_V3_st_area_above_baseline_median,2.1169239864864866,1.5711032229965158,0.40819305257555233,0.40819305257555233,0.0085892268912062
st_V2_st_j80_j0_ratio_median,0.8454705188047182,1.5182015490594312,-0.40666051995835073,0.40666051995835073,5.625274617602377e-09
st_V3_st_monotonicity_mean,0.20596328022798605,0.1295304047073543,0.4057497601973893,0.4057497601973893,0.03451027053768745
st_V3_st_monotonicity_median,0.20147420147420148,0.1221095977193538,0.4053550644133198,0.4053550644133198,0.02347057823140275
st_V2_st_slope_j0_j40_max,-0.00036013513513512036,0.00041080139372821493,-0.40429079647941624,0.40429079647941624,3.3960576670888653e-08
morph_V2_t_amplitude_max,0.14193243243243242,0.08028919860627175,0.4032086317516038,0.4032086317516038,0.00033945769048449135
cl_max_covedness_v1v3,0.10727759009009005,0.15728077816492447,-0.40200155848535013,0.40200155848535013,5.5984043721637514e-05
st_V2_rs_ratio_std,2.9128828706051455,0.34115049740821696,0.3967645062264726,0.3967645062264726,0.0032787885004959176
st_V2_rs_ratio_median,0.28455500762198205,-0.4085304721119979,0.3963674926879275,0.3963674926879275,0.0019665854872393442
st_V1_rs_ratio_median,-0.8100883250201876,-1.2272909921981499,0.38734103618476334,0.38734103618476334,0.0008299701433139992
sq_II_noise_energy,3.5999079272965225e-05,7.83164150663308e-05,-0.38710389023077624,0.38710389023077624,6.692661415034672e-06
st_V3_st_monotonicity_max,0.3255528255528255,0.23503325942350328,0.3846783509449698,0.3846783509449698,0.021855299022154377
st_V2_st_j60_min,0.149,0.08767421602787456,0.38320723436663784,0.38320723436663784,4.4573695932960135e-06
st_V3_st_j60_max,0.22284459459459455,0.17110975609756096,0.38226318263165393,0.38226318263165393,0.015204542012633389
st_V3_j_point_amplitude_max,0.15015540540540542,0.10434146341463414,0.3816351810862226,0.3816351810862226,0.0021702748097356824
morph_V2_saddleback_score_max,0.1350731981981982,0.04806475029036002,0.3814823045261084,0.3814823045261084,1.9104098684714986e-15
st_V1_st_j20_std,0.03502946223358781,0.024118458711832092,0.37895110351765743,0.37895110351765743,0.0026533593510073925
st_V3_st_area_above_baseline_std,0.1827505906054779,0.23774986323133135,-0.37868229803074566,0.37868229803074566,0.0076313441061731015
sq_aVF_noise_energy,3.3608628295043434e-05,6.878112721946745e-05,-0.3783252459398572,0.3783252459398572,2.7480423718349417e-05
st_V3_st_monotonicity_min,0.11670761670761672,0.061450744377573634,0.37824470458068304,0.37824470458068304,0.002235390078181724
st_V2_r_amplitude_min,-0.5013986486486486,-0.7838641114982579,0.3710252330736889,0.3710252330736889,0.0011610554403772909
sq_V1_min,-0.7270675675675675,-0.8907560975609756,0.3709528055503194,0.3709528055503194,0.00022157434987881647
st_V3_st_curvature_sign_max,0.8918918918918919,0.9860627177700348,-0.3677912826785394,0.3677912826785394,0.004829535931787991
morph_V3_covedness_score_median,0.09779110360360357,0.14360394889663178,-0.3676867123269168,0.3676867123269168,0.0002519912848760841
sq_V5_max,1.2668513513513515,1.4734878048780486,-0.3670673307407774,0.3670673307407774,0.010679154884378365
sq_II_mean,0.034355304054054014,0.04298361788617882,-0.36700569268573935,0.36700569268573935,0.008279010819992508
morph_V1_t_amplitude_std,0.022474160183688304,0.012184791632993295,0.36641900292721874,0.36641900292721874,0.8754089298262457
morph_V3_high_takeoff_gt_1mm_max,0.6216216216216216,0.43902439024390244,0.3650933421390476,0.3650933421390476,0.005116685170210573
st_V3_high_takeoff_gt_1mm_max,0.6216216216216216,0.43902439024390244,0.3650933421390476,0.3650933421390476,0.005116685170210573
sq_aVF_range,1.0378918918918918,1.2569059233449476,-0.3644969098939424,0.3644969098939424,0.0011712706711152771
cl_n_leads_saddleback_v1v3,0.02702702702702703,0.0,0.3636142537441684,0.3636142537441684,0.0053674348121895065
st_V2_r_amplitude_median,-0.24353716216216217,-0.5129886759581882,0.3625814936415853,0.3625814936415853,0.0011946406166108033
morph_V1_saddleback_score_min,0.019118243243243235,0.0028893728222996453,0.3610198238271686,0.3610198238271686,0.006275890599390638
morph_V3_t_peak_value_mean,-0.010684864489643894,-0.0323492254715756,0.3599667464908314,0.3599667464908314,0.0013853852496666335
morph_V3_covedness_score_min,0.043171171171171134,0.07602845528455282,-0.3567349392473277,0.3567349392473277,6.0809348908267804e-05
st_V1_j_point_amplitude_std,0.04171541798907762,0.028076703765751238,0.3564856129026215,0.3564856129026215,0.0065691162139279394
sq_V3_snr_proxy,2623.166015538223,1632.4563832849788,0.35598833959070303,0.35598833959070303,0.00170273163846792
morph_V3_t_peak_value_median,-0.011320945945945944,-0.03336236933797908,0.35501106190123455,0.35501106190123455,0.0023054218974359647
morph_V2_t_peak_value_mean,0.016355131043550145,-0.003129794296844745,0.3546394939519574,0.3546394939519574,0.00021146627405543896
st_V3_st_j80_std,0.022985459573596587,0.02911885802066643,-0.35416575951736573,0.35416575951736573,0.003413459328792825
sq_aVR_max,0.34521621621621623,0.2774355400696864,0.35389084822808115,0.35389084822808115,0.021945331618990333
st_V2_s_amplitude_std,0.0673227274770096,0.10275760810922292,-0.3538018148681226,0.3538018148681226,0.0010654863391111311
sq_V6_range,1.209364864864865,1.4105505226480834,-0.35326813445450633,0.35326813445450633,0.006924619305867497
morph_V2_covedness_score_max,0.14216328828828825,0.18866840882694538,-0.35288926285614325,0.35288926285614325,0.0012210398938850844
st_V3_st_j80_mean,0.22534158376180435,0.17392767926783595,0.3525458614687594,0.3525458614687594,0.02829213888730735
sq_aVL_snr_proxy,1046.8657809574784,540.0662695873918,0.3513534690519328,0.3513534690519328,0.024405761467601695
morph_V3_t_mean_max,0.02158372143886848,0.007340542002234967,0.3511059786317496,0.3511059786317496,6.971106586417494e-05
st_V2_r_amplitude_mean,-0.25038239206970825,-0.5037999793536109,0.35062255523626373,0.35062255523626373,0.0015766183761731902
morph_V3_t_mean_min,-0.027394675928867095,-0.04338109365839687,0.3492305492802841,0.3492305492802841,0.0002982282383217283
st_V3_st_j80_median,0.22507094594594593,0.17410627177700347,0.34777117490309134,0.34777117490309134,0.028336852788780474
morph_V2_saddleback_score_min,0.0106554054054054,0.0014747386759581774,0.34345296460990316,0.34345296460990316,0.2578468672334612
st_V1_st_slope_j20_j80_std,0.0004953022717620083,0.00033830273779378214,0.3430085876741992,0.3430085876741992,0.018616302354640384
st_V2_st_j80_j0_ratio_std,0.2512167468173869,0.6108537200151785,-0.33875276963938683,0.33875276963938683,2.711588978365096e-12
cl_v1v2_slope_consistency,0.8378378378378378,0.686411149825784,0.33585924399073475,0.33585924399073475,0.010015725704514589
st_V3_st_j60_std,0.01973535437359494,0.024278194435182136,-0.33126913042189227,0.33126913042189227,0.02920428637735828
st_V1_st_j80_std,0.023723025396216933,0.018276740598959132,0.3300617562982046,0.3300617562982046,0.06862071556545632
st_V3_s_amplitude_std,0.04553844861023271,0.05878832133183227,-0.3300581601472093,0.3300581601472093,0.00355314733057399
st_V2_st_j40_j0_ratio_std,0.14509487891904677,0.31698077291768956,-0.32936101321975475,0.32936101321975475,1.2958115231337678e-05
sq_II_snr_proxy,1902.60144191481,1254.026282874889,0.329055558687763,0.329055558687763,8.283835700982345e-05
morph_V1_t_inversion_indicator_mean,0.01972426972426972,0.0016371162712626125,0.32853592547522553,0.32853592547522553,0.018064762875921833
sq_III_max,0.5774054054054054,0.7450836236933798,-0.3284301319355393,0.3284301319355393,0.0016561178733284212
sq_I_mean,0.020494572072072035,0.02449316492450635,-0.3266472335595061,0.3266472335595061,0.04581806837988145
sq_V3_mean,0.039761869369369346,0.05207595528455281,-0.32635428539402994,0.32635428539402994,0.009723689161155983
st_V3_high_takeoff_gt_2mm_median,0.22972972972972974,0.11672473867595819,0.3262717089717579,0.3262717089717579,0.013786375127925498
morph_V3_high_takeoff_gt_2mm_median,0.22972972972972974,0.11672473867595819,0.3262717089717579,0.3262717089717579,0.013786375127925498
morph_V1_t_peak_value_std,0.027989379343135203,0.01748603125269142,0.3260651172797276,0.3260651172797276,0.5260556424403058
st_V1_st_curvature_sign_min,-0.972972972972973,-0.7979094076655052,-0.3256660739147699,0.3256660739147699,0.009496138042597958
st_V2_st_j40_j0_ratio_max,1.0500985854143723,1.6188745710216987,-0.32536762206470815,0.32536762206470815,2.047737099031739e-05
sq_V4_min,-0.8464054054054055,-0.7213728222996516,-0.32309681559954895,0.32309681559954895,0.02279072122564832
morph_V2_t_polarity_max,0.8648648648648649,0.6306620209059234,0.31844300134467846,0.31844300134467846,0.014625585200362017
morph_V2_saddleback_score_std,0.038311970957755265,0.014973406942504148,0.3183134287264366,0.3183134287264366,4.3257006252176737e-16
sq_aVF_mean,0.02323337837837835,0.030338498838559786,-0.31830017105353525,0.31830017105353525,0.026371510245129175
st_V1_st_j80_max,0.12002027027027026,0.09730313588850173,0.3180434721961884,0.3180434721961884,0.04046800427458926
st_V1_st_convexity_max,0.0010351351351351123,0.0017836236933797642,-0.3169944298600253,0.3169944298600253,0.12205696061644837
rr_std_ms,29.562852916731764,44.07425554043739,-0.31594612024322377,0.31594612024322377,0.0003077200752726398
sq_V1_snr_proxy,3484.3801301052567,1994.392319901199,0.31541559782058,0.31541559782058,0.08894815589328237
st_V1_st_slope_j0_j40_min,-0.002727027027026996,-0.0019197735191637333,-0.314665302509377,0.314665302509377,2.891860092023826e-09
st_V3_st_area_above_baseline_max,2.454283783783784,2.0041803135888503,0.31294511539729647,0.31294511539729647,0.03643706735074312
st_V1_s_amplitude_mean,-0.5260210780751222,-0.6271208021613255,0.30996672626750066,0.30996672626750066,0.010872386377554943
morph_V1_t_inversion_indicator_max,0.06756756756756757,0.017421602787456445,0.30513166706185,0.30513166706185,0.01937663664095775
morph_V1_t_mean_median,0.029245596499089102,0.02350293616778677,0.3040405541609173,0.3040405541609173,0.017638550311787654
st_V1_st_slope_j0_j40_median,-0.001546452702702673,-0.0009521777003484101,-0.30371555794394195,0.30371555794394195,2.1463147611847738e-10
rr_cv,0.03420641033650577,0.04880853889898876,-0.3036214795530195,0.3036214795530195,0.00037799461609678994
st_V1_j_point_confidence_mean,0.9812889812889812,0.9989751998360319,-0.3029910834717034,0.3029910834717034,0.04655436444691601
morph_V3_covedness_score_std,0.044916314345191756,0.06018039956583271,-0.30294272382390075,0.30294272382390075,0.008589324213307962
sq_V4_max,1.4051216216216216,1.5939930313588853,-0.3028555539887795,0.3028555539887795,0.05048371251574829
st_V3_st_slope_j0_j40_max,0.0019131756756756442,0.001404268292682908,0.30269948113825423,0.30269948113825423,0.40748393935363014
morph_V1_t_peak_value_min,-0.03417567567567568,0.001757839721254349,-0.30250615625595695,0.30250615625595695,0.008925003005613608
morph_V3_t_polarity_max,0.40540540540540543,0.10801393728222997,0.3013120518764111,0.3013120518764111,0.02086749306005597
sq_aVR_noise_energy,1.868076591965376e-05,3.291337837975554e-05,-0.2990689129771501,0.2990689129771501,6.143014701313982e-05
st_V1_s_amplitude_median,-0.5323581081081081,-0.6315252613240419,0.2988206244866402,0.2988206244866402,0.012291062966535716
sq_V4_mean,0.05484832207207204,0.065860325203252,-0.2957900394179729,0.2957900394179729,0.04789201922722162
sq_V4_noise_energy,0.00011334748441323225,0.00026226775568970835,-0.2950033040936083,0.2950033040936083,5.394683441811446e-07
st_V1_st_j80_j0_ratio_median,0.36886114046988533,0.5537708165622709,-0.2942543021753148,0.2942543021753148,8.862425400313085e-05
sq_aVR_range,0.9752297297297298,1.0783623693379791,-0.2924537341946315,0.2924537341946315,0.0019174109226285127
morph_V2_t_amplitude_std,0.026725879620331787,0.014824641666231979,0.2901596756368478,0.2901596756368478,0.06015883786171458
st_V3_st_j40_j0_ratio_min,0.8795226879915606,0.5756891904196075,0.2900135120367966,0.2900135120367966,0.05004419826243294
morph_V3_t_peak_value_max,0.030513513513513512,0.00947560975609756,0.28809076041872483,0.28809076041872483,0.0015364000371472482
sq_aVL_std,0.07672618475493383,0.06665728420857336,0.2830268105901265,0.2830268105901265,0.1362677564203044
sq_III_noise_energy,4.261992671467409e-05,6.848206617816877e-05,-0.2824344117898819,0.2824344117898819,0.0004565811090149055
morph_V3_t_inversion_indicator_max,0.22972972972972974,0.3623693379790941,-0.2805949011326986,0.2805949011326986,0.03144166350930801
st_V2_st_j80_median,0.1962533783783784,0.15956620209059233,0.27932004453473386,0.27932004453473386,0.010027201155904787
morph_V3_t_inversion_indicator_std,0.06904714845403895,0.11764285746851844,-0.2791067934536618,0.2791067934536618,0.03863538016229101
morph_V3_high_takeoff_gt_2mm_mean,0.21994191994191992,0.12961077091021753,0.27545611384666235,0.27545611384666235,0.04535235978418655
st_V3_high_takeoff_gt_2mm_mean,0.21994191994191992,0.12961077091021753,0.27545611384666235,0.27545611384666235,0.04535235978418655
sq_aVL_rms,0.07756467276393582,0.06762628779912216,0.27510404228599517,0.27510404228599517,0.1549187805104177
morph_V1_high_takeoff_gt_1mm_std,0.11167433977291222,0.16649678210950472,-0.2747539448275815,0.2747539448275815,0.03592645932414915
st_V1_high_takeoff_gt_1mm_std,0.11167433977291222,0.16649678210950472,-0.2747539448275815,0.2747539448275815,0.03592645932414915
morph_V1_t_mean_mean,0.02937640684376093,0.024098786151945557,0.27449187333906755,0.27449187333906755,0.013302679615979276
st_V3_st_slope_j0_j40_std,0.0004030616272067888,0.00029769926218050957,0.2736779041496511,0.2736779041496511,0.00019930069096559596
st_V1_st_slope_j0_j40_mean,-0.0014667561448994892,-0.0009612132741160193,-0.2735466582098781,0.2735466582098781,8.811789577484599e-08
sq_aVR_snr_proxy,2493.247792250219,1665.6524965623953,0.27327522434555196,0.27327522434555196,0.000845040636216478
morph_V3_t_peak_value_min,-0.05251351351351349,-0.0707787456445993,0.2679009450680266,0.2679009450680266,0.012642061286414671
morph_V2_t_polarity_std,0.3185533153490867,0.4299181290191144,-0.267155855253876,0.267155855253876,0.06162896315939279
st_V2_st_j80_mean,0.19377539504579944,0.15875796197707576,0.2644855760257259,0.2644855760257259,0.012844386280712343
st_V2_r_amplitude_max,-0.010364864864864876,-0.1993850174216028,0.26245259262868464,0.26245259262868464,0.006265518891565389
st_V1_j_point_confidence_min,0.972972972972973,0.9965156794425087,-0.25897574658799155,0.25897574658799155,0.047433694250278095
st_V1_st_area_above_baseline_std,0.22243026748424438,0.18166462798130353,0.25819779790888836,0.25819779790888836,0.3196890856972272
st_V1_st_monotonicity_std,0.08297697727072816,0.0929527574510026,-0.25677611115324617,0.25677611115324617,0.005054423247646924
morph_V1_t_inversion_indicator_median,0.013513513513513514,0.0,0.2567567518783785,0.2567567518783785,0.049704532143266755
morph_V1_t_inversion_indicator_min,0.013513513513513514,0.0,0.2567567518783785,0.2567567518783785,0.049704532143266755
st_V1_j_point_confidence_median,0.9864864864864865,1.0,-0.256756751878378,0.256756751878378,0.049704532143266755
st_V1_j_point_confidence_max,0.9864864864864865,1.0,-0.256756751878378,0.256756751878378,0.049704532143266755
sq_V1_max,0.33877027027027024,0.2839547038327526,0.2534754512544293,0.2534754512544293,0.3082765875399154
morph_V1_t_inversion_indicator_std,0.017052800693964705,0.005072120592731776,0.2529583743457382,0.2529583743457382,0.06942561187322914
st_V3_high_takeoff_gt_2mm_max,0.3108108108108108,0.20557491289198607,0.25081859657458405,0.25081859657458405,0.054486000780463006
morph_V3_high_takeoff_gt_2mm_max,0.3108108108108108,0.20557491289198607,0.25081859657458405,0.25081859657458405,0.054486000780463006
sq_V6_std,0.15875725992350276,0.17476766740708183,-0.2497047223267323,0.2497047223267323,0.09398596309873163
st_V1_st_j80_median,0.07843581081081079,0.06420034843205573,0.2491255098166443,0.2491255098166443,0.06418293731663631
sq_III_mean,0.012509966216216197,0.017818397212543528,-0.24821094835439148,0.24821094835439148,0.10236214258152117
sq_V6_rms,0.16409341661149604,0.18038665382183947,-0.24606199618131364,0.24606199618131364,0.09060267839477039
st_V3_st_j40_std,0.018275844148894774,0.021709883280363013,-0.24529894003478628,0.24529894003478628,0.16229826096349453
st_V3_s_amplitude_max,-0.9759459459459461,-0.859,-0.24405496821494527,0.24405496821494527,0.04342959532085918
st_V3_st_j80_max,0.2648108108108108,0.225787456445993,0.24392644172294423,0.24392644172294423,0.1245220857974557
st_V1_st_j80_mean,0.0778965400943342,0.06411113791584448,0.24079641432034898,0.24079641432034898,0.10622557360142712
sq_aVR_rms,0.1311139559301966,0.1404174569615649,-0.2389548755467687,0.2389548755467687,0.10105612712264761
st_V3_r_amplitude_std,0.16198764122748463,0.1895901241566771,-0.23867260626973463,0.23867260626973463,0.06258378715221463
st_V2_st_j40_j0_ratio_mean,0.7952991819614051,0.9792433072983514,-0.23684872805773569,0.23684872805773569,0.002753131116300628
morph_V1_t_polarity_max,0.918918918918919,0.9790940766550522,-0.23501862963158623,0.23501862963158623,0.07189152245348843
st_V2_s_amplitude_min,-0.9883108108108108,-1.1232229965156795,0.23125692361193945,0.23125692361193945,0.10528240223838599
st_V2_st_convexity_std,0.001811821706961185,0.0013200927615923729,0.23106631760523966,0.23106631760523966,7.455410488119779e-10
sq_II_rms,0.17450590187221995,0.18988636994868893,-0.2293508793242062,0.2293508793242062,0.1007965238795693
st_V3_st_convexity_min,-0.00073648648648648,0.0007742160278745397,-0.2288860672780495,0.2288860672780495,2.0803504553026113e-05
st_V2_st_j40_j0_ratio_median,0.794758554924746,0.9605789065391864,-0.2256743488228983,0.2256743488228983,0.0022533861437792307
sq_aVL_max,0.3369864864864865,0.28632404181184673,0.22257717181534956,0.22257717181534956,0.5710002431485279
morph_V2_t_mean_max,0.045777042370057044,0.030617544077441054,0.22160091023443299,0.22160091023443299,1.3835775978723762e-05
sq_aVR_std,0.12751027853190613,0.1357627377820454,-0.2200765080054695,0.2200765080054695,0.13593948432199499
morph_V3_t_amplitude_median,0.06460472972972969,0.05642334494773517,0.21862369792251796,0.21862369792251796,0.14193681974471256
sq_II_std,0.17017125604367728,0.1843048661937618,-0.2179000536305853,0.2179000536305853,0.11244860942263776
sq_V4_baseline_drift,5.473885991381788e-05,8.99281761850531e-05,-0.2172472219367732,0.2172472219367732,0.18561177958269315
st_V2_rs_ratio_min,-0.533364820024901,-1.0296557891822165,0.21723577705783356,0.21723577705783356,0.0003889161606281655
morph_V2_t_peak_value_std,0.03464650883056744,0.024780726704490236,0.21649655401540774,0.21649655401540774,0.6106787168198795
st_V1_r_amplitude_std,0.07412852855647051,0.08540734416952953,-0.21520760892397395,0.21520760892397395,0.02401260604717319
sq_V5_range,1.7681486486486488,1.932156794425087,-0.21368584787055653,0.21368584787055653,0.1511473893031283
morph_V2_t_peak_value_max,0.06353378378378377,0.042839721254355395,0.21200590568641517,0.21200590568641517,5.508933800347359e-05
st_V1_st_slope_j0_j40_max,0.0002979729729729878,-0.00017395470383274668,0.21177973922677729,0.21177973922677729,0.002820864605358612
st_V3_st_j20_std,0.017858394886663048,0.02169082141418905,-0.20895096549170147,0.20895096549170147,0.08038660608987874
st_V1_rs_ratio_mean,-0.8775755898852714,-1.836448855575344,0.207675482925465,0.207675482925465,0.001391400676345566
st_V3_st_j80_n_valid,13.162162162162161,12.623693379790941,0.2074073943562349,0.2074073943562349,0.11286986922085472
morph_V1_saddleback_score_n_valid,13.162162162162161,12.623693379790941,0.2074073943562349,0.2074073943562349,0.11286986922085472
morph_V2_high_takeoff_gt_2mm_n_valid,13.162162162162161,12.623693379790941,0.2074073943562349,0.2074073943562349,0.11286986922085472
st_V1_st_j60_n_valid,13.162162162162161,12.623693379790941,0.2074073943562349,0.2074073943562349,0.11286986922085472
morph_V1_t_peak_value_n_valid,13.162162162162161,12.623693379790941,0.2074073943562349,0.2074073943562349,0.11286986922085472
st_V1_st_monotonicity_n_valid,13.162162162162161,12.623693379790941,0.2074073943562349,0.2074073943562349,0.11286986922085472
st_V2_j_point_confidence_n_valid,13.162162162162161,12.623693379790941,0.2074073943562349,0.2074073943562349,0.11286986922085472
st_V3_st_slope_j0_j40_n_valid,13.162162162162161,12.623693379790941,0.2074073943562349,0.2074073943562349,0.11286986922085472
st_V2_r_amplitude_n_valid,13.162162162162161,12.623693379790941,0.2074073943562349,0.2074073943562349,0.11286986922085472
st_V3_rs_ratio_n_valid,13.162162162162161,12.623693379790941,0.2074073943562349,0.2074073943562349,0.11286986922085472
st_V1_st_area_above_baseline_n_valid,13.162162162162161,12.623693379790941,0.2074073943562349,0.2074073943562349,0.11286986922085472
st_V1_st_j20_n_valid,13.162162162162161,12.623693379790941,0.2074073943562349,0.2074073943562349,0.11286986922085472
st_V1_st_j40_j0_ratio_n_valid,13.162162162162161,12.623693379790941,0.2074073943562349,0.2074073943562349,0.11286986922085472
st_V3_st_j40_n_valid,13.162162162162161,12.623693379790941,0.2074073943562349,0.2074073943562349,0.11286986922085472
st_V2_high_takeoff_gt_2mm_n_valid,13.162162162162161,12.623693379790941,0.2074073943562349,0.2074073943562349,0.11286986922085472
morph_V1_t_mean_n_valid,13.162162162162161,12.623693379790941,0.2074073943562349,0.2074073943562349,0.11286986922085472
morph_V1_high_takeoff_gt_1mm_n_valid,13.162162162162161,12.623693379790941,0.2074073943562349,0.2074073943562349,0.11286986922085472
st_V3_st_curvature_sign_n_valid,13.162162162162161,12.623693379790941,0.2074073943562349,0.2074073943562349,0.11286986922085472
st_V1_st_j80_n_valid,13.162162162162161,12.623693379790941,0.2074073943562349,0.2074073943562349,0.11286986922085472
st_V2_st_j80_n_valid,13.162162162162161,12.623693379790941,0.2074073943562349,0.2074073943562349,0.11286986922085472
morph_V3_t_polarity_n_valid,13.162162162162161,12.623693379790941,0.2074073943562349,0.2074073943562349,0.11286986922085472
st_V3_st_monotonicity_n_valid,13.162162162162161,12.623693379790941,0.2074073943562349,0.2074073943562349,0.11286986922085472
st_V2_st_monotonicity_n_valid,13.162162162162161,12.623693379790941,0.2074073943562349,0.2074073943562349,0.11286986922085472
st_V1_rs_ratio_n_valid,13.162162162162161,12.623693379790941,0.2074073943562349,0.2074073943562349,0.11286986922085472
morph_V2_t_polarity_n_valid,13.162162162162161,12.623693379790941,0.2074073943562349,0.2074073943562349,0.11286986922085472
st_V1_j_point_amplitude_n_valid,13.162162162162161,12.623693379790941,0.2074073943562349,0.2074073943562349,0.11286986922085472
st_V1_s_amplitude_n_valid,13.162162162162161,12.623693379790941,0.2074073943562349,0.2074073943562349,0.11286986922085472
st_V1_st_convexity_n_valid,13.162162162162161,12.623693379790941,0.2074073943562349,0.2074073943562349,0.11286986922085472
st_V2_st_area_above_baseline_n_valid,13.162162162162161,12.623693379790941,0.2074073943562349,0.2074073943562349,0.11286986922085472
st_V1_st_j40_n_valid,13.162162162162161,12.623693379790941,0.2074073943562349,0.2074073943562349,0.11286986922085472
morph_V3_high_takeoff_gt_2mm_n_valid,13.162162162162161,12.623693379790941,0.2074073943562349,0.2074073943562349,0.11286986922085472
morph_V2_saddleback_score_n_valid,13.162162162162161,12.623693379790941,0.2074073943562349,0.2074073943562349,0.11286986922085472
morph_V2_t_mean_n_valid,13.162162162162161,12.623693379790941,0.2074073943562349,0.2074073943562349,0.11286986922085472
st_V1_high_takeoff_gt_2mm_n_valid,13.162162162162161,12.623693379790941,0.2074073943562349,0.2074073943562349,0.11286986922085472
morph_V3_covedness_score_n_valid,13.162162162162161,12.623693379790941,0.2074073943562349,0.2074073943562349,0.11286986922085472
st_V1_st_slope_j0_j40_n_valid,13.162162162162161,12.623693379790941,0.2074073943562349,0.2074073943562349,0.11286986922085472
st_V2_st_j20_n_valid,13.162162162162161,12.623693379790941,0.2074073943562349,0.2074073943562349,0.11286986922085472
morph_V3_saddleback_score_n_valid,13.162162162162161,12.623693379790941,0.2074073943562349,0.2074073943562349,0.11286986922085472
st_V3_st_j40_j0_ratio_n_valid,13.162162162162161,12.623693379790941,0.2074073943562349,0.2074073943562349,0.11286986922085472
st_V2_st_j60_n_valid,13.162162162162161,12.623693379790941,0.2074073943562349,0.2074073943562349,0.11286986922085472
st_V2_st_j80_j0_ratio_n_valid,13.162162162162161,12.623693379790941,0.2074073943562349,0.2074073943562349,0.11286986922085472
morph_V2_t_peak_value_n_valid,13.162162162162161,12.623693379790941,0.2074073943562349,0.2074073943562349,0.11286986922085472
st_V1_st_slope_j20_j80_n_valid,13.162162162162161,12.623693379790941,0.2074073943562349,0.2074073943562349,0.11286986922085472
morph_V1_t_amplitude_n_valid,13.162162162162161,12.623693379790941,0.2074073943562349,0.2074073943562349,0.11286986922085472
st_V3_st_convexity_n_valid,13.162162162162161,12.623693379790941,0.2074073943562349,0.2074073943562349,0.11286986922085472
st_V3_s_amplitude_n_valid,13.162162162162161,12.623693379790941,0.2074073943562349,0.2074073943562349,0.11286986922085472
st_V2_st_j40_n_valid,13.162162162162161,12.623693379790941,0.2074073943562349,0.2074073943562349,0.11286986922085472
st_V2_st_slope_j0_j40_n_valid,13.162162162162161,12.623693379790941,0.2074073943562349,0.2074073943562349,0.11286986922085472
st_V3_st_area_above_baseline_n_valid,13.162162162162161,12.623693379790941,0.2074073943562349,0.2074073943562349,0.11286986922085472
morph_V2_t_inversion_indicator_n_valid,13.162162162162161,12.623693379790941,0.2074073943562349,0.2074073943562349,0.11286986922085472
st_V2_st_slope_j20_j80_n_valid,13.162162162162161,12.623693379790941,0.2074073943562349,0.2074073943562349,0.11286986922085472
st_V2_s_amplitude_n_valid,13.162162162162161,12.623693379790941,0.2074073943562349,0.2074073943562349,0.11286986922085472
st_V3_high_takeoff_gt_2mm_n_valid,13.162162162162161,12.623693379790941,0.2074073943562349,0.2074073943562349,0.11286986922085472
st_V1_j_point_confidence_n_valid,13.162162162162161,12.623693379790941,0.2074073943562349,0.2074073943562349,0.11286986922085472
st_V3_st_slope_j20_j80_n_valid,13.162162162162161,12.623693379790941,0.2074073943562349,0.2074073943562349,0.11286986922085472
morph_V3_second_hump_present_n_valid,13.162162162162161,12.623693379790941,0.2074073943562349,0.2074073943562349,0.11286986922085472
morph_V2_covedness_score_n_valid,13.162162162162161,12.623693379790941,0.2074073943562349,0.2074073943562349,0.11286986922085472
morph_V1_high_takeoff_gt_2mm_n_valid,13.162162162162161,12.623693379790941,0.2074073943562349,0.2074073943562349,0.11286986922085472
st_V3_st_j60_n_valid,13.162162162162161,12.623693379790941,0.2074073943562349,0.2074073943562349,0.11286986922085472
morph_V3_high_takeoff_gt_1mm_n_valid,13.162162162162161,12.623693379790941,0.2074073943562349,0.2074073943562349,0.11286986922085472
st_V3_high_takeoff_gt_1mm_n_valid,13.162162162162161,12.623693379790941,0.2074073943562349,0.2074073943562349,0.11286986922085472
st_V1_high_takeoff_gt_1mm_n_valid,13.162162162162161,12.623693379790941,0.2074073943562349,0.2074073943562349,0.11286986922085472
st_V2_st_convexity_n_valid,13.162162162162161,12.623693379790941,0.2074073943562349,0.2074073943562349,0.11286986922085472
st_V1_st_curvature_sign_n_valid,13.162162162162161,12.623693379790941,0.2074073943562349,0.2074073943562349,0.11286986922085472
morph_V3_t_amplitude_n_valid,13.162162162162161,12.623693379790941,0.2074073943562349,0.2074073943562349,0.11286986922085472
st_V2_st_j40_j0_ratio_n_valid,13.162162162162161,12.623693379790941,0.2074073943562349,0.2074073943562349,0.11286986922085472
st_V2_j_point_amplitude_n_valid,13.162162162162161,12.623693379790941,0.2074073943562349,0.2074073943562349,0.11286986922085472
st_V2_high_takeoff_gt_1mm_n_valid,13.162162162162161,12.623693379790941,0.2074073943562349,0.2074073943562349,0.11286986922085472
morph_V3_t_mean_n_valid,13.162162162162161,12.623693379790941,0.2074073943562349,0.2074073943562349,0.11286986922085472
morph_V2_high_takeoff_gt_1mm_n_valid,13.162162162162161,12.623693379790941,0.2074073943562349,0.2074073943562349,0.11286986922085472
st_V2_rs_ratio_n_valid,13.162162162162161,12.623693379790941,0.2074073943562349,0.2074073943562349,0.11286986922085472
st_V3_st_j80_j0_ratio_n_valid,13.162162162162161,12.623693379790941,0.2074073943562349,0.2074073943562349,0.11286986922085472
morph_V3_t_peak_value_n_valid,13.162162162162161,12.623693379790941,0.2074073943562349,0.2074073943562349,0.11286986922085472
morph_V2_second_hump_present_n_valid,13.162162162162161,12.623693379790941,0.2074073943562349,0.2074073943562349,0.11286986922085472
st_V3_st_j20_n_valid,13.162162162162161,12.623693379790941,0.2074073943562349,0.2074073943562349,0.11286986922085472
st_V3_j_point_amplitude_n_valid,13.162162162162161,12.623693379790941,0.2074073943562349,0.2074073943562349,0.11286986922085472
st_V3_j_point_confidence_n_valid,13.162162162162161,12.623693379790941,0.2074073943562349,0.2074073943562349,0.11286986922085472
morph_V1_second_hump_present_n_valid,13.162162162162161,12.623693379790941,0.2074073943562349,0.2074073943562349,0.11286986922085472
st_V1_st_j80_j0_ratio_n_valid,13.162162162162161,12.623693379790941,0.2074073943562349,0.2074073943562349,0.11286986922085472
morph_V1_t_polarity_n_valid,13.162162162162161,12.623693379790941,0.2074073943562349,0.2074073943562349,0.11286986922085472
morph_V1_t_inversion_indicator_n_valid,13.162162162162161,12.623693379790941,0.2074073943562349,0.2074073943562349,0.11286986922085472
morph_V3_t_inversion_indicator_n_valid,13.162162162162161,12.623693379790941,0.2074073943562349,0.2074073943562349,0.11286986922085472
st_V1_r_amplitude_n_valid,13.162162162162161,12.623693379790941,0.2074073943562349,0.2074073943562349,0.11286986922085472
morph_V1_covedness_score_n_valid,13.162162162162161,12.623693379790941,0.2074073943562349,0.2074073943562349,0.11286986922085472
st_V3_r_amplitude_n_valid,13.162162162162161,12.623693379790941,0.2074073943562349,0.2074073943562349,0.11286986922085472
morph_V2_t_amplitude_n_valid,13.162162162162161,12.623693379790941,0.2074073943562349,0.2074073943562349,0.11286986922085472
st_V2_st_curvature_sign_n_valid,13.162162162162161,12.623693379790941,0.2074073943562349,0.2074073943562349,0.11286986922085472
st_V1_st_curvature_sign_std,0.5936990395089318,0.6708408760506339,-0.20588609567178015,0.20588609567178015,0.2700839390544778
sq_V6_noise_energy,2.366239975832196e-05,6.389125441461102e-05,-0.2009656330594639,0.2009656330594639,4.365257104449112e-06
sq_III_range,0.9769729729729729,1.0942299651567944,-0.1993867103727433,0.1993867103727433,0.03849624702628824
st_V2_r_amplitude_std,0.15479446620126153,0.18470099423055436,-0.19820648677796723,0.19820648677796723,0.08103722976511699
st_V2_s_amplitude_median,-0.8806824324324323,-0.984698606271777,0.19426355573752074,0.19426355573752074,0.17946198925261925
st_V1_st_j40_j0_ratio_std,0.3953582174283868,0.26216636856221726,0.19385463963905353,0.19385463963905353,0.2675222158193372
morph_V3_high_takeoff_gt_2mm_std,0.06856061046880298,0.04360933226492273,0.19356900729749674,0.19356900729749674,0.18645335020168474
st_V3_high_takeoff_gt_2mm_std,0.06856061046880298,0.04360933226492273,0.19356900729749674,0.19356900729749674,0.18645335020168474
st_V1_st_j40_j0_ratio_max,1.6029634998510809,1.2208480355431612,0.19294333871190616,0.19294333871190616,0.056586266604302674
sq_V1_range,1.0658378378378377,1.1747108013937284,-0.1925119441176809,0.1925119441176809,0.0036103739438551226
morph_V3_t_amplitude_mean,0.06538202245886066,0.058226410908724914,0.19249341744296164,0.19249341744296164,0.240243980403418
st_V3_s_amplitude_mean,-1.0615231244698156,-0.9670791115257485,-0.188150704607178,0.188150704607178,0.10053745232136192
morph_V2_t_peak_value_min,-0.07027027027027027,-0.04316376306620207,-0.187407241029209,0.187407241029209,0.006182415687654099
st_V2_high_takeoff_gt_2mm_std,0.07554234267048039,0.10844923475119196,-0.18666708667366078,0.18666708667366078,0.1663673573790312
morph_V2_high_takeoff_gt_2mm_std,0.07554234267048039,0.10844923475119196,-0.18666708667366078,0.18666708667366078,0.1663673573790312
sq_V2_snr_proxy,2639.2610522647024,1995.0311792077134,0.18549569356977183,0.18549569356977183,0.009514299977025157
st_V3_s_amplitude_median,-1.0659594594594595,-0.973140243902439,-0.18379984327362442,0.18379984327362442,0.10826857342637879
sq_aVL_baseline_drift,2.440044901113462e-05,1.056519928176534e-05,0.18368518663320052,0.18368518663320052,0.7743245272858301
sq_III_min,-0.39956756756756756,-0.3491463414634146,-0.1828578685980629,0.1828578685980629,0.43306074410712714
morph_V1_t_polarity_min,0.5135135135135135,0.34494773519163763,0.1819430959886086,0.1819430959886086,0.16309150513464132
median_rr_ms,859.9324324324324,888.3797909407665,-0.18146796087683392,0.18146796087683392,0.23942444932359053
st_V2_s_amplitude_mean,-0.8794468461801184,-0.9754662415641544,0.18141618561418685,0.18141618561418685,0.21222774065655214
cl_n_leads_coved_v1v3,0.0,0.0313588850174216,-0.18125527764712734,0.18125527764712734,0.1476458766777207
st_V3_st_slope_j0_j40_median,0.0011716216216216095,0.0008433797909407435,0.18115814524527626,0.18115814524527626,0.6251969834866127
st_V3_st_slope_j0_j40_mean,0.0011778547009153443,0.0008579482905849089,0.18062406622235627,0.18062406622235627,0.6430030362597823
morph_V1_t_mean_max,0.0521465607193548,0.04575848787835102,0.1803425567747189,0.1803425567747189,0.03873115692226974
sq_I_baseline_drift,3.0326665417399984e-05,1.5140325656888508e-05,0.1788912146635962,0.1788912146635962,0.9885368862746376
st_V3_st_monotonicity_std,0.0642652758766934,0.05605390064279207,0.17802303538170802,0.17802303538170802,0.10531751778615385
st_V1_st_j40_j0_ratio_mean,0.8201640487205841,0.7197142353933547,0.17759666762477436,0.17759666762477436,0.0661877221153807
morph_V1_t_peak_value_max,0.07302027027027026,0.06384843205574911,0.1774941537359532,0.1774941537359532,0.025614711774984762
st_V2_st_slope_j0_j40_std,0.0006256004300437297,0.0005119876027742947,0.17748055362047901,0.17748055362047901,1.644851263311223e-05
rr_mean_ms,858.0245049045359,885.114130709332,-0.1773767816055155,0.1773767816055155,0.2473161292227547
st_V3_high_takeoff_gt_2mm_min,0.13513513513513514,0.08362369337979095,0.1761145431522697,0.1761145431522697,0.17714811442915368
morph_V3_high_takeoff_gt_2mm_min,0.13513513513513514,0.08362369337979095,0.1761145431522697,0.1761145431522697,0.17714811442915368
sq_V2_noise_energy,7.728415603755825e-05,0.00011147424640562722,-0.17522481242852628,0.17522481242852628,0.012620527950019021
sq_II_min,-0.44706756756756766,-0.40135540069686415,-0.17378446940167974,0.17378446940167974,0.18519391070991764
morph_V2_t_mean_std,0.018678400666711083,0.014033768002356185,0.17004683243821372,0.17004683243821372,0.7194571317455976
st_V2_st_j80_max,0.243304054054054,0.2136515679442509,0.1682427706861506,0.1682427706861506,0.015980620876163466
morph_V1_t_mean_std,0.013004019991443598,0.010902750504520737,0.16733664366615875,0.16733664366615875,0.2501377716401242
sq_V2_range,1.648972972972973,1.7911463414634146,-0.1658528345978368,0.1658528345978368,0.10813117154916196
st_V1_rs_ratio_std,0.4629894186988266,2.396024227533625,-0.16425393788203743,0.16425393788203743,0.008309589705586283
st_V3_st_j40_j0_ratio_max,3.98516647700666,3.0710439838665398,0.16333494059193718,0.16333494059193718,0.8562467026084885
morph_V1_covedness_score_min,0.007913288288288255,0.0046777003484320305,0.16324304589557134,0.16324304589557134,0.049032331066728815
sq_V2_min,-1.0730405405405405,-1.1718327526132404,0.16095365870738768,0.16095365870738768,0.15673876025406772
sq_V3_std,0.2704463882400041,0.2559256803913471,0.1592153073606203,0.1592153073606203,0.3112571242137858
morph_V1_t_polarity_std,0.1777688926689865,0.2343728754904529,-0.15730520155186484,0.15730520155186484,0.16231552477654954
st_V2_st_j80_min,0.13267567567567562,0.10504006968641114,0.1570484679334571,0.1570484679334571,0.019970650771010658
st_V1_rs_ratio_min,-1.8649329210397103,-8.514713049044742,0.15673006876411535,0.15673006876411535,0.00047848237515397594
sq_I_range,0.8524594594594593,0.7928083623693379,0.1565039663335165,0.1565039663335165,0.7993094827174956
sq_V3_min,-1.157216216216216,-1.0737700348432055,-0.1564478344421047,0.1564478344421047,0.182107052519223
cl_argmax_st_v1v3,0.8918918918918919,1.0,-0.1546934860237189,0.1546934860237189,0.24693277718017925
st_V3_j_point_amplitude_std,0.01964552711345162,0.022590096444439812,-0.1520268229520761,0.1520268229520761,0.42214867725289806
hr_estimate_bpm,71.84397487513858,69.93036854627707,0.1509766278560279,0.1509766278560279,0.2473161292227547
sq_III_baseline_drift,3.500481597756974e-05,2.4177186236244815e-05,0.15077919874746137,0.15077919874746137,0.9765779353298132
morph_V3_t_polarity_std,0.27255936931624936,0.33056105925649415,-0.1503007337982503,0.1503007337982503,0.27540418064258276
sq_V6_mean,0.03991858108108104,0.04295563298490124,-0.14818768007555388,0.14818768007555388,0.2445222926862698
st_V3_s_amplitude_min,-1.1334256756756758,-1.0554999999999999,-0.14748286177428493,0.14748286177428493,0.1651326828973937
sq_I_max,0.5303648648648649,0.5684459930313589,-0.1467318125895972,0.1467318125895972,0.19750345236489764
morph_V3_t_inversion_indicator_mean,0.09995814995814996,0.1391743919695344,-0.1458334220964796,0.1458334220964796,0.04271081384388987
sq_I_std,0.10335611060217609,0.09793403632310138,0.14570548085174384,0.14570548085174384,0.6345212992726175
st_V3_r_amplitude_min,0.17729054054054055,0.050675958188153326,0.14436839858757258,0.14436839858757258,0.2888318608280892
sq_V6_baseline_drift,2.3131497662852306e-05,4.3683525903843804e-05,-0.14323038361317275,0.14323038361317275,0.12761701055567945
st_V1_s_amplitude_max,-0.4041081081081081,-0.44698780487804873,0.14238026896355716,0.14238026896355716,0.24225015085322932
st_V1_j_point_confidence_std,0.006574381829871891,0.001587613587295518,0.1423435884366309,0.1423435884366309,0.3007025249622415
sq_V1_mean,-0.015327454954954928,-0.013175708478513327,-0.1420878576899955,0.1420878576899955,0.40431901012766713
st_V3_st_j80_j0_ratio_std,1.3645998962707577,1.7025135023140157,-0.1404652025870026,0.1404652025870026,0.004685816518243894
sq_aVF_rms,0.14272958347293466,0.1524012631456335,-0.1404351996826308,0.1404351996826308,0.4900314814750286
morph_V2_t_inversion_indicator_min,0.013513513513513514,0.003484320557491289,0.1349300279573308,0.1349300279573308,0.3029756526516517
morph_V2_trough_depth_between_humps_n_valid,0.013513513513513514,0.003484320557491289,0.1349300279573308,0.1349300279573308,0.3029756526516517
morph_V2_second_hump_amplitude_n_valid,0.013513513513513514,0.003484320557491289,0.1349300279573308,0.1349300279573308,0.3029756526516517
morph_V2_second_hump_present_max,0.013513513513513514,0.003484320557491289,0.1349300279573308,0.1349300279573308,0.3029756526516517
st_V2_j_point_confidence_min,0.9864864864864865,0.9965156794425087,-0.13493002795733078,0.13493002795733078,0.3029756526516517
morph_V1_t_polarity_median,0.8108108108108109,0.8780487804878049,-0.13421593840770338,0.13421593840770338,0.331978794785206
sq_V3_rms,0.2752747396591421,0.26287827214516785,0.13231910364667987,0.13231910364667987,0.40643447200028515
sq_aVF_std,0.13978050678782628,0.14859985296529507,-0.1316304541771407,0.1316304541771407,0.5090775867646011
morph_V3_saddleback_score_max,0.06320382882882877,0.03661875725900112,0.13150218453110343,0.13150218453110343,6.413185693458282e-05
sq_V5_noise_energy,6.143342536500016e-05,0.00019753254425238884,-0.1263724536322506,0.1263724536322506,3.620017431850035e-07
sq_V3_baseline_drift,7.158079510065836e-05,8.718709159239319e-05,-0.12506982129448968,0.12506982129448968,0.27459348947155726
sq_V2_baseline_drift,5.078246190042196e-05,8.423787333368155e-05,-0.12499796192319734,0.12499796192319734,0.4683046895382421
st_V3_st_j40_j0_ratio_mean,1.7622130662077673,1.548997640221202,0.12373821173611796,0.12373821173611796,0.8167306141899038
sq_I_rms,0.10589821629038605,0.10122561965957425,0.12214463591488064,0.12214463591488064,0.7552612247029203
st_V2_j_point_confidence_std,0.0036009372298729256,0.0010452961672473868,0.1211803832406432,0.1211803832406432,0.30526392580136286
morph_V1_t_peak_value_median,0.03632770270270269,0.03273344947735189,0.12001747013630565,0.12001747013630565,0.014586156304867611
morph_V2_second_hump_present_std,0.0037349378269768015,0.0010950163084576807,0.12001436712104604,0.12001436712104604,0.30526392580136286
morph_V1_t_mean_min,0.0015373181237151633,0.00616780937345088,-0.11955675185007424,0.11955675185007424,0.004307174941798729
sq_aVL_range,0.664108108108108,0.6192264808362369,0.11907437033973511,0.11907437033973511,0.9496934314606558
sq_aVF_min,-0.3840135135135135,-0.3539999999999999,-0.11873322243144796,0.11873322243144796,0.3044391379293738
morph_V1_covedness_score_max,0.07860698198198195,0.06984785133565616,0.11481992769961892,0.11481992769961892,0.936767615908195
st_V1_st_j80_min,0.038804054054054044,0.0317369337979094,0.11419918397230215,0.11419918397230215,0.34427229747889576
sq_V3_noise_energy,0.00013159850556442737,0.00016613764498711665,-0.1131737965755018,0.1131737965755018,0.011388959304174424
st_V3_st_j80_j0_ratio_mean,3.2000806878336645,3.615032310516318,-0.10889905494503249,0.10889905494503249,0.08685677613939255
sq_V2_max,0.5759324324324325,0.6193135888501742,-0.10865730218282098,0.10865730218282098,0.4203434023441951
st_V3_st_slope_j20_j80_min,0.0008164414414414265,0.000982520325203224,-0.10792284400882333,0.10792284400882333,0.06748209807264106
sq_V5_mean,0.053033693693693665,0.05627481707317069,-0.10755349233182356,0.10755349233182356,0.4250435616496758
sq_V5_rms,0.23004066670512957,0.23947127399400256,-0.10667066985072375,0.10667066985072375,0.5993425081378227
morph_V3_t_amplitude_min,0.041006756756756725,0.037834494773519134,0.10564393654021094,0.10564393654021094,0.247817524868435
morph_V1_t_polarity_mean,0.7712488094841035,0.8148653326814835,-0.10522489491614194,0.10522489491614194,0.4209317904422142
st_V1_st_j40_j0_ratio_min,0.37309965911111276,0.26333422704453646,0.1048438952482645,0.1048438952482645,0.41068498511279194
st_V2_j_point_confidence_mean,0.9989604989604989,0.9996515679442508,-0.10421396968449649,0.10421396968449649,0.30526392580136286
sq_aVL_mean,0.0040149662162162056,0.0027048083623693276,0.1031476357770999,0.1031476357770999,0.5424900259737493
sq_V5_min,-0.5012972972972972,-0.45866898954703833,-0.10171944886657855,0.10171944886657855,0.01060254834683418
sq_V5_std,0.22320672339945852,0.23187456468683712,-0.1014779229987435,0.1014779229987435,0.6159426931283652
morph_V2_second_hump_present_mean,0.0011261261261261257,0.00038714672861014324,0.10122742773603169,0.10122742773603169,0.30526392580136286
st_V3_st_j80_j0_ratio_median,2.921994406851037,3.2803779087241227,-0.09735620252787197,0.09735620252787197,0.15203939068926325
sq_I_snr_proxy,1709.4086152625318,1492.5594896316657,0.09409797111338025,0.09409797111338025,0.18769587645716101
morph_V1_second_hump_present_max,0.0,0.006968641114982578,-0.09375419782950682,0.09375419782950682,0.4750733099351572
st_V2_st_j20_std,0.03635751761737847,0.030475044801483834,0.09370146146118086,0.09370146146118086,0.16800469734051304
morph_V1_covedness_score_median,0.01771846846846843,0.02061280487804874,-0.09333598988919506,0.09333598988919506,0.899576359603359
st_V3_st_slope_j20_j80_max,0.0020069819819819442,0.0021495934959349207,-0.09279839139076397,0.09279839139076397,0.19554866512704216
morph_V1_second_hump_present_std,0.0,0.002431378712934423,-0.0923265564655825,0.0923265564655825,0.475075013575471
morph_V3_t_inversion_indicator_min,0.02702702702702703,0.04529616724738676,-0.091419592134742,0.091419592134742,0.4843060115337897
st_V1_st_j80_j0_ratio_mean,0.46183275215707,0.5383622701319353,-0.08957676329421264,0.08957676329421264,0.0006146688936310952
morph_V3_t_inversion_indicator_median,0.08108108108108109,0.10801393728222997,-0.08935282444116052,0.08935282444116052,0.45708568871786226
sq_II_baseline_drift,3.470588500805093e-05,3.996200389254407e-05,-0.0890398777872878,0.0890398777872878,0.38489419337485253
st_V3_r_amplitude_mean,0.4538264006208859,0.38172215881095706,0.08868574331829715,0.08868574331829715,0.42070556467220244
st_V1_st_j80_j0_ratio_std,0.39452058993540257,0.3268345080549216,0.08861565586640743,0.08861565586640743,0.004967488995591997
st_V3_st_j40_j0_ratio_median,1.5527325820809228,1.4171930114098779,0.0878324306535324,0.0878324306535324,0.47252986729909296
morph_V1_covedness_score_std,0.021902815750119237,0.019958852975817155,0.08701725767702509,0.08701725767702509,0.6111163913792975
morph_V1_second_hump_present_mean,0.0,0.0010633965337798086,-0.08688646491730052,0.08688646491730052,0.475075013575471
morph_V2_t_inversion_indicator_median,0.04054054054054054,0.02613240418118467,0.0866892876906015,0.0866892876906015,0.5696193354376159
sq_V4_range,2.251527027027027,2.3153658536585366,-0.08659851607721891,0.08659851607721891,0.630963497462508
st_V3_st_j40_j0_ratio_std,0.8757721480125669,0.7475267223770209,0.08449403148501154,0.08449403148501154,0.158576026244162
st_V3_st_j80_j0_ratio_max,6.314396075491951,7.030463409495289,-0.0840152298704769,0.0840152298704769,0.03410082134273356
morph_V2_t_inversion_indicator_mean,0.049891849891849895,0.03767294419525787,0.08392225395002773,0.08392225395002773,0.8694203251508277
morph_V1_trough_depth_between_humps_n_valid,0.0,0.013937282229965157,-0.08380962683161099,0.08380962683161099,0.475075013575471
morph_V1_second_hump_amplitude_n_valid,0.0,0.013937282229965157,-0.08380962683161099,0.08380962683161099,0.475075013575471
st_V2_st_j40_j0_ratio_min,0.5423190400572576,0.4780100088625783,0.0836742262650173,0.0836742262650173,0.6318527063453058
morph_V1_t_peak_value_mean,0.03520907125245357,0.032735427382581984,0.08289548626380874,0.08289548626380874,0.030189058262692952
sq_V1_noise_energy,4.683773048939056e-05,3.750768684662912e-05,0.08282451381684539,0.08282451381684539,0.005577221904507686
sq_V1_std,0.13541229699814702,0.14035980662889125,-0.08271425007561053,0.08271425007561053,0.4294076348876764
st_V2_st_j40_std,0.030677201920433425,0.02610551891006981,0.08212401357089735,0.08212401357089735,0.052886338235876934
sq_V5_baseline_drift,3.723972364110255e-05,0.00016692097749243626,-0.08120794950011566,0.08120794950011566,0.11646349106663477
morph_V3_t_amplitude_max,0.0950135135135135,0.0905696864111498,0.07957693338922871,0.07957693338922871,0.6619132066408244
sq_V1_rms,0.1369022363370964,0.1416747330032596,-0.07939063205521285,0.07939063205521285,0.4330641469472778
sq_aVR_baseline_drift,2.4106785763183475e-05,2.116242120391176e-05,0.07675277314784887,0.07675277314784887,0.4128203755129566
st_V3_r_amplitude_median,0.46254729729729727,0.3990984320557491,0.07674829326419659,0.07674829326419659,0.4456299569323482
sq_V6_min,-0.2988378378378378,-0.2821254355400697,-0.07420362143372534,0.07420362143372534,0.07190938958939293
morph_V2_t_mean_min,-0.026857588096191043,-0.021527267697686824,-0.07262543867633554,0.07262543867633554,0.00035785378161517963
sq_V2_rms,0.21758954702878605,0.2249611912272238,-0.07057667990430629,0.07057667990430629,0.6124311585873692
st_V3_st_j80_j0_ratio_min,1.6381957413785877,1.5181017428475494,0.06936955822835703,0.06936955822835703,0.8946443710179675
sq_V3_max,0.9482837837837839,0.9818362369337981,-0.06855413854578439,0.06855413854578439,0.669179629041263
sq_aVL_noise_energy,2.337279551965149e-05,2.600789722730885e-05,-0.06779466726193625,0.06779466726193625,0.03654907641577177
sq_V3_range,2.1055,2.055606271777003,0.06770718778741265,0.06770718778741265,0.46600779780590884
st_V2_st_j60_std,0.02894796614106118,0.025665419138483025,0.06451135466975022,0.06451135466975022,0.3561972121686814
sq_V4_std,0.2742509938736937,0.26861596516107766,0.06435996705860267,0.06435996705860267,0.5846638865577861
st_V1_st_j80_j0_ratio_max,1.2381688228846595,1.1112386066862452,0.06302927373619853,0.06302927373619853,9.33521504309536e-06
morph_V3_t_peak_value_std,0.02383103311905511,0.02260600496783046,0.06218902737130394,0.06218902737130394,0.6971514965054759
st_V2_j_point_amplitude_std,0.0367977727905102,0.032896595936041655,0.061871150203233576,0.061871150203233576,0.14709875862339014
st_V3_rs_ratio_min,0.44145941989087273,0.352642469159969,0.06081461778885482,0.06081461778885482,0.46524499927817464
sq_V2_std,0.2156535084695042,0.22175804538432994,-0.05898358298351698,0.05898358298351698,0.6678160340249528
st_V3_st_slope_j20_j80_mean,0.0014521800977131511,0.0015409194742357665,-0.058395857057795986,0.058395857057795986,0.18727765313091982
st_V3_st_slope_j0_j40_min,0.00047567567567566885,0.00037020905923343416,0.05687576582884396,0.05687576582884396,0.1637950516291009
st_V3_r_amplitude_max,0.6912567567567568,0.657651567944251,0.04501479397656217,0.04501479397656217,0.6168216868797156
st_V1_rs_ratio_max,-0.25819747400666326,0.5261042960766289,-0.045013896051419255,0.045013896051419255,0.0029509874328665082
st_V3_st_slope_j20_j80_median,0.0014677927927927677,0.0015339721254355018,-0.042587588104421835,0.042587588104421835,0.19340350567751807
st_V2_s_amplitude_max,-0.7668310810810812,-0.7884494773519164,0.04203950548010696,0.04203950548010696,0.7647748130664052
morph_V3_saddleback_score_std,0.013648444658605909,0.010902730283575248,0.04149817533362903,0.04149817533362903,3.0612051800343266e-06
st_V3_rs_ratio_median,0.8776417147812315,0.81470054294923,0.03911886728384736,0.03911886728384736,0.641660733458268
sq_V1_baseline_drift,1.877924903664855e-05,2.1281351597742564e-05,-0.03622263207653712,0.03622263207653712,0.4814318635016487
st_V3_high_takeoff_gt_1mm_std,0.07325961243112464,0.07849574996378839,-0.03367826856351181,0.03367826856351181,0.7088624585152049
morph_V3_high_takeoff_gt_1mm_std,0.07325961243112464,0.07849574996378839,-0.03367826856351181,0.03367826856351181,0.7088624585152049
sq_III_std,0.12522669397736186,0.12309288474427031,0.033434415916758144,0.033434415916758144,0.485330565834297
sq_aVF_baseline_drift,2.706153305269595e-05,2.8619564721330762e-05,-0.032870678998377506,0.032870678998377506,0.804139500747759
sq_V4_rms,0.280683726810223,0.27769862655927885,0.03254083914216896,0.03254083914216896,0.6962275930240824
morph_V2_covedness_score_std,0.04181085430095727,0.04303764773831246,-0.03252784279536825,0.03252784279536825,0.6714562628724059
morph_V3_t_mean_std,0.013335622030509697,0.013682918444443611,-0.030661409026459866,0.030661409026459866,0.9099790162740733
st_V1_st_j40_j0_ratio_median,0.7045690366327888,0.7146918766892054,-0.026867427114835953,0.026867427114835953,0.029111907875171133
st_V2_st_slope_j20_j80_std,0.00047438176923042476,0.00045902706943320076,0.026261004966528598,0.026261004966528598,0.21545004497690068
sq_III_rms,0.12707350522962782,0.12540343487269706,0.025595566061019776,0.025595566061019776,0.5106820858146461
st_V3_rs_ratio_mean,1.0551637650848218,0.9721478113157543,0.025069075016390836,0.025069075016390836,0.6309642379053861
morph_V3_t_amplitude_std,0.014856452806752341,0.014578744157753275,0.023039136207744036,0.023039136207744036,0.971596438225698
st_V1_st_j80_j0_ratio_min,-0.027537759577209983,-0.06568916115134575,0.02102440584719498,0.02102440584719498,0.03028437810990942
st_V2_st_area_above_baseline_std,0.2578696922800022,0.26445825067958584,-0.02007246902747777,0.02007246902747777,0.9666160489801436
sq_aVL_min,-0.32712162162162156,-0.33290243902439026,0.019635547384929446,0.019635547384929446,0.38114317208175463
st_V2_st_monotonicity_std,0.08602641911299512,0.08682377982776522,-0.01951368692611687,0.01951368692611687,0.1651073205777579
sq_I_noise_energy,2.2394614961708644e-05,2.1712761799370837e-05,0.016965132646787884,0.016965132646787884,0.17584590975860126
st_V2_st_j80_std,0.029728934022974503,0.030736418941143488,-0.016401933838835307,0.016401933838835307,0.5958737202471411
st_V3_rs_ratio_std,0.6709523558466943,0.769134165828082,-0.013259979165835342,0.013259979165835342,0.0013093627850710317
morph_V2_t_inversion_indicator_std,0.04912807434969936,0.04772215767366837,0.011418382366620846,0.011418382366620846,0.949008329135926
cl_n_leads_t_inverted_v1v3,0.13513513513513514,0.13937282229965156,-0.010288430854107144,0.010288430854107144,0.6126347990124815
st_V3_st_convexity_std,0.001155686064603069,0.0011715402674868625,-0.007748703032035417,0.007748703032035417,0.13858279523823938
st_V3_st_slope_j20_j80_std,0.00033619709126867084,0.0003339797095459382,0.007463739493358595,0.007463739493358595,0.8332670699797404
st_V3_rs_ratio_max,2.8882279980988597,3.077690257443514,-0.006924092337126791,0.006924092337126791,0.9775743506082212
morph_V2_t_inversion_indicator_max,0.14864864864864866,0.14634146341463414,0.006509895552546435,0.006509895552546435,0.9609888005454947
morph_V1_covedness_score_mean,0.0259526641410832,0.02606982124762015,-0.003658291584106672,0.003658291584106672,0.8557564735883186
morph_V1_second_hump_present_min,0.0,0.0,0.0,0.0,1.0
morph_V1_second_hump_present_median,0.0,0.0,0.0,0.0,1.0
morph_V3_second_hump_amplitude_n_valid,0.0,0.0,0.0,0.0,1.0
st_V2_j_point_confidence_max,1.0,1.0,0.0,0.0,1.0
st_V2_j_point_confidence_median,1.0,1.0,0.0,0.0,1.0
morph_V3_trough_depth_between_humps_n_valid,0.0,0.0,0.0,0.0,1.0
st_V3_j_point_confidence_min,1.0,1.0,0.0,0.0,1.0
st_V3_j_point_confidence_max,1.0,1.0,0.0,0.0,1.0
morph_V2_second_hump_present_min,0.0,0.0,0.0,0.0,1.0
morph_V2_second_hump_present_median,0.0,0.0,0.0,0.0,1.0
st_V3_j_point_confidence_std,0.0,0.0,0.0,0.0,1.0
st_V3_j_point_confidence_median,1.0,1.0,0.0,0.0,1.0
st_V3_j_point_confidence_mean,1.0,1.0,0.0,0.0,1.0
morph_V3_second_hump_present_mean,0.0,0.0,0.0,0.0,1.0
morph_V3_second_hump_present_median,0.0,0.0,0.0,0.0,1.0
morph_V3_second_hump_present_std,0.0,0.0,0.0,0.0,1.0
morph_V3_second_hump_present_min,0.0,0.0,0.0,0.0,1.0
morph_V3_second_hump_present_max,0.0,0.0,0.0,0.0,1.0
